Abbruchhammer,Substantiv,"Abbruch,abbrechen,Hammer",m,Abbruchhammer,,,,,,,,,Abbruchhämmer,,,,,,,,,Abbruchhammers,,,,,,,,,Abbruchhämmer,,,,,,,,,Abbruchhammer,,,,,,,,,Abbruchhämmern,,,,,,,,,Abbruchhammer,,,,,,,,,Abbruchhämmer,,,,,,,,
Abisolierzange,Substantiv,,f,Abisolierzange,,,,,,,,,Abisolierzangen,,,,,,,,,Abisolierzange,,,,,,,,,Abisolierzangen,,,,,,,,,Abisolierzange,,,,,,,,,Abisolierzangen,,,,,,,,,Abisolierzange,,,,,,,,,Abisolierzangen,,,,,,,,
Abzieher,Substantiv,,m,Abzieher,,,,,,,,,Abzieher,,,,,,,,,Abziehers,,,,,,,,,Abzieher,,,,,,,,,Abzieher,,,,,,,,,Abziehern,,,,,,,,,Abzieher,,,,,,,,,Abzieher,,,,,,,,
Ahle,Substantiv,,f,Ahle,,,,,,,,,Ahlen,,,,,,,,,Ahle,,,,,,,,,Ahlen,,,,,,,,,Ahle,,,,,,,,,Ahlen,,,,,,,,,Ahle,,,,,,,,,Ahlen,,,,,,,,
Aluleiter,Substantiv,"Alu,Leiter",f,Aluleiter,,,,,,,,,Aluleitern,,,,,,,,,Aluleiter,,,,,,,,,Aluleitern,,,,,,,,,Aluleiter,,,,,,,,,Aluleitern,,,,,,,,,Aluleiter,,,,,,,,,Aluleitern,,,,,,,,
Amboss,Substantiv,,m,Amboss,,,,,,,,,Ambosse,,,,,,,,,Ambosses,,,,,,,,,Ambosse,,,,,,,,,Amboss,Ambosse,,,,,,,,Ambossen,,,,,,,,,Amboss,,,,,,,,,Ambosse,,,,,,,,
Anschlagwinkel,Substantiv,,m,Anschlagwinkel,,,,,,,,,Anschlagwinkel,,,,,,,,,Anschlagwinkels,,,,,,,,,Anschlagwinkel,,,,,,,,,Anschlagwinkel,,,,,,,,,Anschlagwinkeln,,,,,,,,,Anschlagwinkel,,,,,,,,,Anschlagwinkel,,,,,,,,
Axt,Substantiv,,f,Axt,,,,,,,,,Äxte,,,,,,,,,Axt,,,,,,,,,Äxte,,,,,,,,,Axt,,,,,,,,,Äxten,,,,,,,,,Axt,,,,,,,,,Äxte,,,,,,,,
Baggerschaufel,Substantiv,"Bagger,Schaufel",f,Baggerschaufel,,,,,,,,,Baggerschaufeln,,,,,,,,,Baggerschaufel,,,,,,,,,Baggerschaufeln,,,,,,,,,Baggerschaufel,,,,,,,,,Baggerschaufeln,,,,,,,,,Baggerschaufel,,,,,,,,,Baggerschaufeln,,,,,,,,
Baumsäge,Substantiv,"Baum,Säge",f,Baumsäge,,,,,,,,,Baumsägen,,,,,,,,,Baumsäge,,,,,,,,,Baumsägen,,,,,,,,,Baumsäge,,,,,,,,,Baumsägen,,,,,,,,,Baumsäge,,,,,,,,,Baumsägen,,,,,,,,
Beil,Substantiv,,n,Beil,,,,,,,,,Beile,,,,,,,,,Beils,Beiles,,,,,,,,Beile,,,,,,,,,Beil,Beile,,,,,,,,Beilen,,,,,,,,,Beil,,,,,,,,,Beile,,,,,,,,
Beißzange,Substantiv,,f,Beißzange,,,,,,,,,Beißzangen,,,,,,,,,Beißzange,,,,,,,,,Beißzangen,,,,,,,,,Beißzange,,,,,,,,,Beißzangen,,,,,,,,,Beißzange,,,,,,,,,Beißzangen,,,,,,,,
Besen,Substantiv,,m,Besen,,,,,,,,,Besen,,,,,,,,,Besens,,,,,,,,,Besen,,,,,,,,,Besen,,,,,,,,,Besen,,,,,,,,,Besen,,,,,,,,,Besen,,,,,,,,
Bohrer,Substantiv,,m,Bohrer,,,,,,,,,Bohrer,,,,,,,,,Bohrers,,,,,,,,,Bohrer,,,,,,,,,Bohrer,,,,,,,,,Bohrern,,,,,,,,,Bohrer,,,,,,,,,Bohrer,,,,,,,,
Bohrhammer,Substantiv,,m,Bohrhammer,,,,,,,,,Bohrhämmer,,,,,,,,,Bohrhammers,,,,,,,,,Bohrhämmer,,,,,,,,,Bohrhammer,,,,,,,,,Bohrhämmern,,,,,,,,,Bohrhammer,,,,,,,,,Bohrhämmer,,,,,,,,
Bohrmaschine,Substantiv,,f,Bohrmaschine,,,,,,,,,Bohrmaschinen,,,,,,,,,Bohrmaschine,,,,,,,,,Bohrmaschinen,,,,,,,,,Bohrmaschine,,,,,,,,,Bohrmaschinen,,,,,,,,,Bohrmaschine,,,,,,,,,Bohrmaschinen,,,,,,,,
Brecheisen,Substantiv,"brechen,Eisen",n,Brecheisen,,,,,,,,,Brecheisen,,,,,,,,,Brecheisens,,,,,,,,,Brecheisen,,,,,,,,,Brecheisen,,,,,,,,,Brecheisen,,,,,,,,,Brecheisen,,,,,,,,,Brecheisen,,,,,,,,
Brechstange,Substantiv,"brechen,Stange",f,Brechstange,,,,,,,,,Brechstangen,,,,,,,,,Brechstange,,,,,,,,,Brechstangen,,,,,,,,,Brechstange,,,,,,,,,Brechstangen,,,,,,,,,Brechstange,,,,,,,,,Brechstangen,,,,,,,,
Brennschere,Substantiv,"brennen,Schere",f,Brennschere,,,,,,,,,Brennscheren,,,,,,,,,Brennschere,,,,,,,,,Brennscheren,,,,,,,,,Brennschere,,,,,,,,,Brennscheren,,,,,,,,,Brennschere,,,,,,,,,Brennscheren,,,,,,,,
Buttermesser,Substantiv,"Butter,Messer",n,Buttermesser,,,,,,,,,Buttermesser,,,,,,,,,Buttermessers,,,,,,,,,Buttermesser,,,,,,,,,Buttermesser,,,,,,,,,Buttermessern,,,,,,,,,Buttermesser,,,,,,,,,Buttermesser,,,,,,,,
Bügelsäge,Substantiv,"Bügel,Säge",f,Bügelsäge,,,,,,,,,Bügelsägen,,,,,,,,,Bügelsäge,,,,,,,,,Bügelsägen,,,,,,,,,Bügelsäge,,,,,,,,,Bügelsägen,,,,,,,,,Bügelsäge,,,,,,,,,Bügelsägen,,,,,,,,
Bürste,Substantiv,,f,Bürste,,,,,,,,,Bürsten,,,,,,,,,Bürste,,,,,,,,,Bürsten,,,,,,,,,Bürste,,,,,,,,,Bürsten,,,,,,,,,Bürste,,,,,,,,,Bürsten,,,,,,,,
Dachventilator,Substantiv,"Dach,Ventilator",m,Dachventilator,,,,,,,,,Dachventilatoren,,,,,,,,,Dachventilators,,,,,,,,,Dachventilatoren,,,,,,,,,Dachventilator,,,,,,,,,Dachventilatoren,,,,,,,,,Dachventilator,,,,,,,,,Dachventilatoren,,,,,,,,
Dampfhammer,Substantiv,"Dampf,Hammer",m,Dampfhammer,,,,,,,,,Dampfhämmer,,,,,,,,,Dampfhammers,,,,,,,,,Dampfhämmer,,,,,,,,,Dampfhammer,,,,,,,,,Dampfhämmern,,,,,,,,,Dampfhammer,,,,,,,,,Dampfhämmer,,,,,,,,
Dampfmaschine,Substantiv,"Dampf,Maschine",f,Dampfmaschine,,,,,,,,,Dampfmaschinen,,,,,,,,,Dampfmaschine,,,,,,,,,Dampfmaschinen,,,,,,,,,Dampfmaschine,,,,,,,,,Dampfmaschinen,,,,,,,,,Dampfmaschine,,,,,,,,,Dampfmaschinen,,,,,,,,
Deckenventilator,Substantiv,"Decke,Fugenelement,Ventilator",m,Deckenventilator,,,,,,,,,Deckenventilatoren,,,,,,,,,Deckenventilators,,,,,,,,,Deckenventilatoren,,,,,,,,,Deckenventilator,,,,,,,,,Deckenventilatoren,,,,,,,,,Deckenventilator,,,,,,,,,Deckenventilatoren,,,,,,,,
Dekupiersäge,Substantiv,"dekupieren,Säge",f,Dekupiersäge,,,,,,,,,Dekupiersägen,,,,,,,,,Dekupiersäge,,,,,,,,,Dekupiersägen,,,,,,,,,Dekupiersäge,,,,,,,,,Dekupiersägen,,,,,,,,,Dekupiersäge,,,,,,,,,Dekupiersägen,,,,,,,,
Dessertgabel,Substantiv,"Dessert,Gabel",f,Dessertgabel,,,,,,,,,Dessertgabeln,,,,,,,,,Dessertgabel,,,,,,,,,Dessertgabeln,,,,,,,,,Dessertgabel,,,,,,,,,Dessertgabeln,,,,,,,,,Dessertgabel,,,,,,,,,Dessertgabeln,,,,,,,,
Dessertmesser,Substantiv,"Dessert,Messer",n,Dessertmesser,,,,,,,,,Dessertmesser,,,,,,,,,Dessertmessers,,,,,,,,,Dessertmesser,,,,,,,,,Dessertmesser,,,,,,,,,Dessertmessern,,,,,,,,,Dessertmesser,,,,,,,,,Dessertmesser,,,,,,,,
Dieselgenerator,Substantiv,"Diesel,Generator",m,Dieselgenerator,,,,,,,,,Dieselgeneratoren,,,,,,,,,Dieselgenerators,,,,,,,,,Dieselgeneratoren,,,,,,,,,Dieselgenerator,,,,,,,,,Dieselgeneratoren,,,,,,,,,Dieselgenerator,,,,,,,,,Dieselgeneratoren,,,,,,,,
Dietrich,Substantiv,,m,Dietrich,,,,,,,,,Dietriche,,,,,,,,,Dietrichs,,,,,,,,,Dietriche,,,,,,,,,Dietrich,Dietriche,,,,,,,,Dietrichen,,,,,,,,,Dietrich,,,,,,,,,Dietriche,,,,,,,,
Dochtschere,Substantiv,"Docht,Schere",f,Dochtschere,,,,,,,,,Dochtscheren,,,,,,,,,Dochtschere,,,,,,,,,Dochtscheren,,,,,,,,,Dochtschere,,,,,,,,,Dochtscheren,,,,,,,,,Dochtschere,,,,,,,,,Dochtscheren,,,,,,,,
Doubliermaschine,Substantiv,"doublieren,Maschine",f,Doubliermaschine,,,,,,,,,Doubliermaschinen,,,,,,,,,Doubliermaschine,,,,,,,,,Doubliermaschinen,,,,,,,,,Doubliermaschine,,,,,,,,,Doubliermaschinen,,,,,,,,,Doubliermaschine,,,,,,,,,Doubliermaschinen,,,,,,,,
Drahtbürste,Substantiv,,f,Drahtbürste,,,,,,,,,Drahtbürsten,,,,,,,,,Drahtbürste,,,,,,,,,Drahtbürsten,,,,,,,,,Drahtbürste,,,,,,,,,Drahtbürsten,,,,,,,,,Drahtbürste,,,,,,,,,Drahtbürsten,,,,,,,,
Drahtschere,Substantiv,"Draht,Schere",f,Drahtschere,,,,,,,,,Drahtscheren,,,,,,,,,Drahtschere,,,,,,,,,Drahtscheren,,,,,,,,,Drahtschere,,,,,,,,,Drahtscheren,,,,,,,,,Drahtschere,,,,,,,,,Drahtscheren,,,,,,,,
Drehbank,Substantiv,,f,Drehbank,,,,,,,,,Drehbänke,,,,,,,,,Drehbank,,,,,,,,,Drehbänke,,,,,,,,,Drehbank,,,,,,,,,Drehbänken,,,,,,,,,Drehbank,,,,,,,,,Drehbänke,,,,,,,,
Drehleiter,Substantiv,"drehen,Leiter",f,Drehleiter,,,,,,,,,Drehleitern,,,,,,,,,Drehleiter,,,,,,,,,Drehleitern,,,,,,,,,Drehleiter,,,,,,,,,Drehleitern,,,,,,,,,Drehleiter,,,,,,,,,Drehleitern,,,,,,,,
Drehmomentschlüssel,Substantiv,,m,Drehmomentschlüssel,,,,,,,,,Drehmomentschlüssel,,,,,,,,,Drehmomentschlüssels,,,,,,,,,Drehmomentschlüssel,,,,,,,,,Drehmomentschlüssel,,,,,,,,,Drehmomentschlüsseln,,,,,,,,,Drehmomentschlüssel,,,,,,,,,Drehmomentschlüssel,,,,,,,,
Drehstromgenerator,Substantiv,"Drehstrom,Generator",m,Drehstromgenerator,,,,,,,,,Drehstromgeneratoren,,,,,,,,,Drehstromgenerators,,,,,,,,,Drehstromgeneratoren,,,,,,,,,Drehstromgenerator,,,,,,,,,Drehstromgeneratoren,,,,,,,,,Drehstromgenerator,,,,,,,,,Drehstromgeneratoren,,,,,,,,
Dreikantfeile,Substantiv,,f,Dreikantfeile,,,,,,,,,Dreikantfeilen,,,,,,,,,Dreikantfeile,,,,,,,,,Dreikantfeilen,,,,,,,,,Dreikantfeile,,,,,,,,,Dreikantfeilen,,,,,,,,,Dreikantfeile,,,,,,,,,Dreikantfeilen,,,,,,,,
Dreschmaschine,Substantiv,"dreschen,Maschine",f,Dreschmaschine,,,,,,,,,Dreschmaschinen,,,,,,,,,Dreschmaschine,,,,,,,,,Dreschmaschinen,,,,,,,,,Dreschmaschine,,,,,,,,,Dreschmaschinen,,,,,,,,,Dreschmaschine,,,,,,,,,Dreschmaschinen,,,,,,,,
Drillbohrer,Substantiv,,m,Drillbohrer,,,,,,,,,Drillbohrer,,,,,,,,,Drillbohrers,,,,,,,,,Drillbohrer,,,,,,,,,Drillbohrer,,,,,,,,,Drillbohrern,,,,,,,,,Drillbohrer,,,,,,,,,Drillbohrer,,,,,,,,
Druckluftbehälter,Substantiv,"Druckluft,Behälter",m,Druckluftbehälter,,,,,,,,,Druckluftbehälter,,,,,,,,,Druckluftbehälters,,,,,,,,,Druckluftbehälter,,,,,,,,,Druckluftbehälter,,,,,,,,,Druckluftbehältern,,,,,,,,,Druckluftbehälter,,,,,,,,,Druckluftbehälter,,,,,,,,
Druckluftwerkzeug,Substantiv,"Druckluft,Werkzeug",n,Druckluftwerkzeug,,,,,,,,,Druckluftwerkzeuge,,,,,,,,,Druckluftwerkzeuges,Druckluftwerkzeugs,,,,,,,,Druckluftwerkzeuge,,,,,,,,,Druckluftwerkzeug,Druckluftwerkzeuge,,,,,,,,Druckluftwerkzeugen,,,,,,,,,Druckluftwerkzeug,,,,,,,,,Druckluftwerkzeuge,,,,,,,,
Druckmaschine,Substantiv,"drucken,Maschine",f,Druckmaschine,,,,,,,,,Druckmaschinen,,,,,,,,,Druckmaschine,,,,,,,,,Druckmaschinen,,,,,,,,,Druckmaschine,,,,,,,,,Druckmaschinen,,,,,,,,,Druckmaschine,,,,,,,,,Druckmaschinen,,,,,,,,
Effilierschere,Substantiv,"effilieren,Schere",f,Effilierschere,,,,,,,,,Effilierscheren,,,,,,,,,Effilierschere,,,,,,,,,Effilierscheren,,,,,,,,,Effilierschere,,,,,,,,,Effilierscheren,,,,,,,,,Effilierschere,,,,,,,,,Effilierscheren,,,,,,,,
Egreniermaschine,Substantiv,"egrenieren,Maschine",f,Egreniermaschine,,,,,,,,,Egreniermaschinen,,,,,,,,,Egreniermaschine,,,,,,,,,Egreniermaschinen,,,,,,,,,Egreniermaschine,,,,,,,,,Egreniermaschinen,,,,,,,,,Egreniermaschine,,,,,,,,,Egreniermaschinen,,,,,,,,
Einbruchswerkzeug,Substantiv,"Einbruch,Werkzeug",n,Einbruchswerkzeug,,,,,,,,,Einbruchswerkzeuge,,,,,,,,,Einbruchswerkzeuges,Einbruchswerkzeugs,,,,,,,,Einbruchswerkzeuge,,,,,,,,,Einbruchswerkzeug,Einbruchswerkzeuge,,,,,,,,Einbruchswerkzeugen,,,,,,,,,Einbruchswerkzeug,,,,,,,,,Einbruchswerkzeuge,,,,,,,,
Eisensäge,Substantiv,"Eisen,Säge",f,Eisensäge,,,,,,,,,Eisensägen,,,,,,,,,Eisensäge,,,,,,,,,Eisensägen,,,,,,,,,Eisensäge,,,,,,,,,Eisensägen,,,,,,,,,Eisensäge,,,,,,,,,Eisensägen,,,,,,,,
Elektrisiermaschine,Substantiv,"elektrisieren,Maschine",f,Elektrisiermaschine,,,,,,,,,Elektrisiermaschinen,,,,,,,,,Elektrisiermaschine,,,,,,,,,Elektrisiermaschinen,,,,,,,,,Elektrisiermaschine,,,,,,,,,Elektrisiermaschinen,,,,,,,,,Elektrisiermaschine,,,,,,,,,Elektrisiermaschinen,,,,,,,,
Elektrowerkzeug,Substantiv,"Elektro-,Werkzeug",n,Elektrowerkzeug,,,,,,,,,Elektrowerkzeuge,,,,,,,,,Elektrowerkzeuges,Elektrowerkzeugs,,,,,,,,Elektrowerkzeuge,,,,,,,,,Elektrowerkzeug,Elektrowerkzeuge,,,,,,,,Elektrowerkzeugen,,,,,,,,,Elektrowerkzeug,,,,,,,,,Elektrowerkzeuge,,,,,,,,
Engländer,Substantiv,,m,Engländer,,,,,,,,,Engländer,,,,,,,,,Engländers,,,,,,,,,Engländer,,,,,,,,,Engländer,,,,,,,,,Engländern,,,,,,,,,Engländer,,,,,,,,,Engländer,,,,,,,,
Entermesser,Substantiv,"entern,Messer",n,Entermesser,,,,,,,,,Entermesser,,,,,,,,,Entermessers,,,,,,,,,Entermesser,,,,,,,,,Entermesser,,,,,,,,,Entermessern,,,,,,,,,Entermesser,,,,,,,,,Entermesser,,,,,,,,
Erregermaschine,Substantiv,"Erreger,Maschine",f,Erregermaschine,,,,,,,,,Erregermaschinen,,,,,,,,,Erregermaschine,,,,,,,,,Erregermaschinen,,,,,,,,,Erregermaschine,,,,,,,,,Erregermaschinen,,,,,,,,,Erregermaschine,,,,,,,,,Erregermaschinen,,,,,,,,
Espressomaschine,Substantiv,"Espresso,Maschine",f,Espressomaschine,,,,,,,,,Espressomaschinen,,,,,,,,,Espressomaschine,,,,,,,,,Espressomaschinen,,,,,,,,,Espressomaschine,,,,,,,,,Espressomaschinen,,,,,,,,,Espressomaschine,,,,,,,,,Espressomaschinen,,,,,,,,
Esslöffel,Substantiv,"essen,Löffel",m,Esslöffel,,,,,,,,,Esslöffel,,,,,,,,,Esslöffels,,,,,,,,,Esslöffel,,,,,,,,,Esslöffel,,,,,,,,,Esslöffeln,,,,,,,,,Esslöffel,,,,,,,,,Esslöffel,,,,,,,,
Fahrtenmesser,Substantiv,"Fahrt,Messer",n,Fahrtenmesser,,,,,,,,,Fahrtenmesser,,,,,,,,,Fahrtenmessers,,,,,,,,,Fahrtenmesser,,,,,,,,,Fahrtenmesser,,,,,,,,,Fahrtenmessern,,,,,,,,,Fahrtenmesser,,,,,,,,,Fahrtenmesser,,,,,,,,
Fakturiermaschine,Substantiv,"fakturieren,Maschine",f,Fakturiermaschine,,,,,,,,,Fakturiermaschinen,,,,,,,,,Fakturiermaschine,,,,,,,,,Fakturiermaschinen,,,,,,,,,Fakturiermaschine,,,,,,,,,Fakturiermaschinen,,,,,,,,,Fakturiermaschine,,,,,,,,,Fakturiermaschinen,,,,,,,,
Falzhobel,Substantiv,"Falz,Hobel",m,Falzhobel,,,,,,,,,Falzhobel,,,,,,,,,Falzhobels,,,,,,,,,Falzhobel,,,,,,,,,Falzhobel,,,,,,,,,Falzhobeln,,,,,,,,,Falzhobel,,,,,,,,,Falzhobel,,,,,,,,
Fangmesser,Substantiv,"fangen,Messer",n,Fangmesser,,,,,,,,,Fangmesser,,,,,,,,,Fangmessers,,,,,,,,,Fangmesser,,,,,,,,,Fangmesser,,,,,,,,,Fangmessern,,,,,,,,,Fangmesser,,,,,,,,,Fangmesser,,,,,,,,
Farbstift,Substantiv,"Farbe,Stift",m,Farbstift,,,,,,,,,Farbstifte,,,,,,,,,Farbstiftes,Farbstifts,,,,,,,,Farbstifte,,,,,,,,,Farbstift,Farbstifte,,,,,,,,Farbstiften,,,,,,,,,Farbstift,,,,,,,,,Farbstifte,,,,,,,,
Faschiermaschine,Substantiv,"faschieren,Maschine",f,Faschiermaschine,,,,,,,,,Faschiermaschinen,,,,,,,,,Faschiermaschine,,,,,,,,,Faschiermaschinen,,,,,,,,,Faschiermaschine,,,,,,,,,Faschiermaschinen,,,,,,,,,Faschiermaschine,,,,,,,,,Faschiermaschinen,,,,,,,,
Faustkeil,Substantiv,,m,Faustkeil,,,,,,,,,Faustkeile,,,,,,,,,Faustkeiles,Faustkeils,,,,,,,,Faustkeile,,,,,,,,,Faustkeil,Faustkeile,,,,,,,,Faustkeilen,,,,,,,,,Faustkeil,,,,,,,,,Faustkeile,,,,,,,,
Feile,Substantiv,,f,Feile,,,,,,,,,Feilen,,,,,,,,,Feile,,,,,,,,,Feilen,,,,,,,,,Feile,,,,,,,,,Feilen,,,,,,,,,Feile,,,,,,,,,Feilen,,,,,,,,
Feinsäge,Substantiv,"fein,Säge",f,Feinsäge,,,,,,,,,Feinsägen,,,,,,,,,Feinsäge,,,,,,,,,Feinsägen,,,,,,,,,Feinsäge,,,,,,,,,Feinsägen,,,,,,,,,Feinsäge,,,,,,,,,Feinsägen,,,,,,,,
Filetiermaschine,Substantiv,"filetieren,Maschine",f,Filetiermaschine,,,,,,,,,Filetiermaschinen,,,,,,,,,Filetiermaschine,,,,,,,,,Filetiermaschinen,,,,,,,,,Filetiermaschine,,,,,,,,,Filetiermaschinen,,,,,,,,,Filetiermaschine,,,,,,,,,Filetiermaschinen,,,,,,,,
Fischmesser,Substantiv,"Fisch,Messer",n,Fischmesser,,,,,,,,,Fischmesser,,,,,,,,,Fischmessers,,,,,,,,,Fischmesser,,,,,,,,,Fischmesser,,,,,,,,,Fischmessern,,,,,,,,,Fischmesser,,,,,,,,,Fischmesser,,,,,,,,
Flachfeile,Substantiv,"flach,Feile",f,Flachfeile,,,,,,,,,Flachfeilen,,,,,,,,,Flachfeile,,,,,,,,,Flachfeilen,,,,,,,,,Flachfeile,,,,,,,,,Flachfeilen,,,,,,,,,Flachfeile,,,,,,,,,Flachfeilen,,,,,,,,
Flaschenbürste,Substantiv,"Flasche,Bürste",f,Flaschenbürste,,,,,,,,,Flaschenbürsten,,,,,,,,,Flaschenbürste,,,,,,,,,Flaschenbürsten,,,,,,,,,Flaschenbürste,,,,,,,,,Flaschenbürsten,,,,,,,,,Flaschenbürste,,,,,,,,,Flaschenbürsten,,,,,,,,
Fleischgabel,Substantiv,"Fleisch,Gabel",f,Fleischgabel,,,,,,,,,Fleischgabeln,,,,,,,,,Fleischgabel,,,,,,,,,Fleischgabeln,,,,,,,,,Fleischgabel,,,,,,,,,Fleischgabeln,,,,,,,,,Fleischgabel,,,,,,,,,Fleischgabeln,,,,,,,,
Fleischhauermesser,Substantiv,"Fleischhauer,Messer",n,Fleischhauermesser,,,,,,,,,Fleischhauermesser,,,,,,,,,Fleischhauermessers,,,,,,,,,Fleischhauermesser,,,,,,,,,Fleischhauermesser,,,,,,,,,Fleischhauermessern,,,,,,,,,Fleischhauermesser,,,,,,,,,Fleischhauermesser,,,,,,,,
Forke,Substantiv,,f,Forke,,,,,,,,,Forken,,,,,,,,,Forke,,,,,,,,,Forken,,,,,,,,,Forke,,,,,,,,,Forken,,,,,,,,,Forke,,,,,,,,,Forken,,,,,,,,
Franzose,Substantiv,,m,Franzose,,,,,,,,,Franzosen,,,,,,,,,Franzosen,,,,,,,,,Franzosen,,,,,,,,,Franzosen,,,,,,,,,Franzosen,,,,,,,,,Franzosen,,,,,,,,,Franzosen,,,,,,,,
Fräse,Substantiv,,f,Fräse,,,,,,,,,Fräsen,,,,,,,,,Fräse,,,,,,,,,Fräsen,,,,,,,,,Fräse,,,,,,,,,Fräsen,,,,,,,,,Fräse,,,,,,,,,Fräsen,,,,,,,,
Fuchsschwanz,Substantiv,"Fuchs,Schwanz",m,Fuchsschwanz,,,,,,,,,Fuchsschwänze,,,,,,,,,Fuchsschwanzes,,,,,,,,,Fuchsschwänze,,,,,,,,,Fuchsschwanz,Fuchsschwanze,,,,,,,,Fuchsschwänzen,,,,,,,,,Fuchsschwanz,,,,,,,,,Fuchsschwänze,,,,,,,,
Fäustel,Substantiv,,m,Fäustel,,,,,,,,,Fäustel,,,,,,,,,Fäustels,,,,,,,,,Fäustel,,,,,,,,,Fäustel,,,,,,,,,Fäusteln,,,,,,,,,Fäustel,,,,,,,,,Fäustel,,,,,,,,
Fühlerlehre,Substantiv,,f,Fühlerlehre,,,,,,,,,Fühlerlehren,,,,,,,,,Fühlerlehre,,,,,,,,,Fühlerlehren,,,,,,,,,Fühlerlehre,,,,,,,,,Fühlerlehren,,,,,,,,,Fühlerlehre,,,,,,,,,Fühlerlehren,,,,,,,,
Gabel,Substantiv,,f,Gabel,,,,,,,,,Gabeln,,,,,,,,,Gabel,,,,,,,,,Gabeln,,,,,,,,,Gabel,,,,,,,,,Gabeln,,,,,,,,,Gabel,,,,,,,,,Gabeln,,,,,,,,
Gabelschlüssel,Substantiv,,m,Gabelschlüssel,,,,,,,,,Gabelschlüssel,,,,,,,,,Gabelschlüssels,,,,,,,,,Gabelschlüssel,,,,,,,,,Gabelschlüssel,,,,,,,,,Gabelschlüsseln,,,,,,,,,Gabelschlüssel,,,,,,,,,Gabelschlüssel,,,,,,,,
Gartenschere,Substantiv,"Garten,Schere",f,Gartenschere,,,,,,,,,Gartenscheren,,,,,,,,,Gartenschere,,,,,,,,,Gartenscheren,,,,,,,,,Gartenschere,,,,,,,,,Gartenscheren,,,,,,,,,Gartenschere,,,,,,,,,Gartenscheren,,,,,,,,
Gattersäge,Substantiv,"Gatter,Säge",f,Gattersäge,,,,,,,,,Gattersägen,,,,,,,,,Gattersäge,,,,,,,,,Gattersägen,,,,,,,,,Gattersäge,,,,,,,,,Gattersägen,,,,,,,,,Gattersäge,,,,,,,,,Gattersägen,,,,,,,,
Geflügelschere,Substantiv,"Geflügel,Schere",f,Geflügelschere,,,,,,,,,Geflügelscheren,,,,,,,,,Geflügelschere,,,,,,,,,Geflügelscheren,,,,,,,,,Geflügelschere,,,,,,,,,Geflügelscheren,,,,,,,,,Geflügelschere,,,,,,,,,Geflügelscheren,,,,,,,,
Gehrungsschere,Substantiv,"Gehrung,Schere",f,Gehrungsschere,,,,,,,,,Gehrungsscheren,,,,,,,,,Gehrungsschere,,,,,,,,,Gehrungsscheren,,,,,,,,,Gehrungsschere,,,,,,,,,Gehrungsscheren,,,,,,,,,Gehrungsschere,,,,,,,,,Gehrungsscheren,,,,,,,,
Gehrungssäge,Substantiv,"Gehrung,Säge",f,Gehrungssäge,,,,,,,,,Gehrungssägen,,,,,,,,,Gehrungssäge,,,,,,,,,Gehrungssägen,,,,,,,,,Gehrungssäge,,,,,,,,,Gehrungssägen,,,,,,,,,Gehrungssäge,,,,,,,,,Gehrungssägen,,,,,,,,
Gehrungswinkel,Substantiv,"Gehrung,Winkel",m,Gehrungswinkel,,,,,,,,,Gehrungswinkel,,,,,,,,,Gehrungswinkels,,,,,,,,,Gehrungswinkel,,,,,,,,,Gehrungswinkel,,,,,,,,,Gehrungswinkeln,,,,,,,,,Gehrungswinkel,,,,,,,,,Gehrungswinkel,,,,,,,,
Gemüsehobel,Substantiv,"Gemüse,Hobel",m,Gemüsehobel,,,,,,,,,Gemüsehobel,,,,,,,,,Gemüsehobels,,,,,,,,,Gemüsehobel,,,,,,,,,Gemüsehobel,,,,,,,,,Gemüsehobeln,,,,,,,,,Gemüsehobel,,,,,,,,,Gemüsehobel,,,,,,,,
Generator,Substantiv,,m,Generator,,,,,,,,,Generatoren,,,,,,,,,Generators,,,,,,,,,Generatoren,,,,,,,,,Generator,,,,,,,,,Generatoren,,,,,,,,,Generator,,,,,,,,,Generatoren,,,,,,,,
Gewindebohrer,Substantiv,"Gewinde,Bohrer",m,Gewindebohrer,,,,,,,,,Gewindebohrer,,,,,,,,,Gewindebohrers,,,,,,,,,Gewindebohrer,,,,,,,,,Gewindebohrer,,,,,,,,,Gewindebohrern,,,,,,,,,Gewindebohrer,,,,,,,,,Gewindebohrer,,,,,,,,
Glasschneider,Substantiv,,m,Glasschneider,,,,,,,,,Glasschneider,,,,,,,,,Glasschneiders,,,,,,,,,Glasschneider,,,,,,,,,Glasschneider,,,,,,,,,Glasschneidern,,,,,,,,,Glasschneider,,,,,,,,,Glasschneider,,,,,,,,
Gliedermaßstab,Substantiv,,m,Gliedermaßstab,,,,,,,,,Gliedermaßstäbe,,,,,,,,,Gliedermaßstabs,,,,,,,,,Gliedermaßstäbe,,,,,,,,,Gliedermaßstab,,,,,,,,,Gliedermaßstäben,,,,,,,,,Gliedermaßstab,,,,,,,,,Gliedermaßstäbe,,,,,,,,
Glättkelle,Substantiv,"glätten,Kelle",f,Glättkelle,,,,,,,,,Glättkellen,,,,,,,,,Glättkelle,,,,,,,,,Glättkellen,,,,,,,,,Glättkelle,,,,,,,,,Glättkellen,,,,,,,,,Glättkelle,,,,,,,,,Glättkellen,,,,,,,,
Grabgabel,Substantiv,"graben,Gabel",f,Grabgabel,,,,,,,,,Grabgabeln,,,,,,,,,Grabgabel,,,,,,,,,Grabgabeln,,,,,,,,,Grabgabel,,,,,,,,,Grabgabeln,,,,,,,,,Grabgabel,,,,,,,,,Grabgabeln,,,,,,,,
Grabstichel,Substantiv,,m,Grabstichel,,,,,,,,,Grabstichel,,,,,,,,,Grabstichels,,,,,,,,,Grabstichel,,,,,,,,,Grabstichel,,,,,,,,,Grabsticheln,,,,,,,,,Grabstichel,,,,,,,,,Grabstichel,,,,,,,,
Gradmesser,Substantiv,"Grad,Messer",m,Gradmesser,,,,,,,,,Gradmesser,,,,,,,,,Gradmessers,,,,,,,,,Gradmesser,,,,,,,,,Gradmesser,,,,,,,,,Gradmessern,,,,,,,,,Gradmesser,,,,,,,,,Gradmesser,,,,,,,,
Graviermaschine,Substantiv,"gravieren,Maschine",f,Graviermaschine,,,,,,,,,Graviermaschinen,,,,,,,,,Graviermaschine,,,,,,,,,Graviermaschinen,,,,,,,,,Graviermaschine,,,,,,,,,Graviermaschinen,,,,,,,,,Graviermaschine,,,,,,,,,Graviermaschinen,,,,,,,,
Grillzange,Substantiv,"grillen,Zange",f,Grillzange,,,,,,,,,Grillzangen,,,,,,,,,Grillzange,,,,,,,,,Grillzangen,,,,,,,,,Grillzange,,,,,,,,,Grillzangen,,,,,,,,,Grillzange,,,,,,,,,Grillzangen,,,,,,,,
Grubber,Substantiv,,m,Grubber,,,,,,,,,Grubber,,,,,,,,,Grubbers,,,,,,,,,Grubber,,,,,,,,,Grubber,,,,,,,,,Grubbern,,,,,,,,,Grubber,,,,,,,,,Grubber,,,,,,,,
Gummihammer,Substantiv,"Gummi,Hammer",m,Gummihammer,,,,,,,,,Gummihämmer,,,,,,,,,Gummihammers,,,,,,,,,Gummihämmer,,,,,,,,,Gummihammer,,,,,,,,,Gummihämmern,,,,,,,,,Gummihammer,,,,,,,,,Gummihämmer,,,,,,,,
Gärtnersäge,Substantiv,"Gärtner,Säge",f,Gärtnersäge,,,,,,,,,Gärtnersägen,,,,,,,,,Gärtnersäge,,,,,,,,,Gärtnersägen,,,,,,,,,Gärtnersäge,,,,,,,,,Gärtnersägen,,,,,,,,,Gärtnersäge,,,,,,,,,Gärtnersägen,,,,,,,,
Hacke,Substantiv,,f,Hacke,,,,,,,,,Hacken,,,,,,,,,Hacke,,,,,,,,,Hacken,,,,,,,,,Hacke,,,,,,,,,Hacken,,,,,,,,,Hacke,,,,,,,,,Hacken,,,,,,,,
Hackrechen,Substantiv,"hacken,Rechen",m,Hackrechen,,,,,,,,,Hackrechen,,,,,,,,,Hackrechens,,,,,,,,,Hackrechen,,,,,,,,,Hackrechen,,,,,,,,,Hackrechen,,,,,,,,,Hackrechen,,,,,,,,,Hackrechen,,,,,,,,
Hammer,Substantiv,,m,Hammer,,,,,,,,,Hämmer,,,,,,,,,Hammers,,,,,,,,,Hämmer,,,,,,,,,Hammer,,,,,,,,,Hämmern,,,,,,,,,Hammer,,,,,,,,,Hämmer,,,,,,,,
Handbeil,Substantiv,"Hand,Beil",n,Handbeil,,,,,,,,,Handbeile,,,,,,,,,Handbeiles,Handbeils,,,,,,,,Handbeile,,,,,,,,,Handbeil,Handbeile,,,,,,,,Handbeilen,,,,,,,,,Handbeil,,,,,,,,,Handbeile,,,,,,,,
Handsäge,Substantiv,"Hand,Säge",f,Handsäge,,,,,,,,,Handsägen,,,,,,,,,Handsäge,,,,,,,,,Handsägen,,,,,,,,,Handsäge,,,,,,,,,Handsägen,,,,,,,,,Handsäge,,,,,,,,,Handsägen,,,,,,,,
Harke,Substantiv,,f,Harke,,,,,,,,,Harken,,,,,,,,,Harke,,,,,,,,,Harken,,,,,,,,,Harke,,,,,,,,,Harken,,,,,,,,,Harke,,,,,,,,,Harken,,,,,,,,
Heckenschere,Substantiv,"Hecke,Schere",f,Heckenschere,,,,,,,,,Heckenscheren,,,,,,,,,Heckenschere,,,,,,,,,Heckenscheren,,,,,,,,,Heckenschere,,,,,,,,,Heckenscheren,,,,,,,,,Heckenschere,,,,,,,,,Heckenscheren,,,,,,,,
Heftmaschine,Substantiv,"heften,Maschine",f,Heftmaschine,,,,,,,,,Heftmaschinen,,,,,,,,,Heftmaschine,,,,,,,,,Heftmaschinen,,,,,,,,,Heftmaschine,,,,,,,,,Heftmaschinen,,,,,,,,,Heftmaschine,,,,,,,,,Heftmaschinen,,,,,,,,
Heugabel,Substantiv,"Heu,Gabel",f,Heugabel,,,,,,,,,Heugabeln,,,,,,,,,Heugabel,,,,,,,,,Heugabeln,,,,,,,,,Heugabel,,,,,,,,,Heugabeln,,,,,,,,,Heugabel,,,,,,,,,Heugabeln,,,,,,,,
Hobel,Substantiv,,m,Hobel,,,,,,,,,Hobel,,,,,,,,,Hobels,,,,,,,,,Hobel,,,,,,,,,Hobel,,,,,,,,,Hobeln,,,,,,,,,Hobel,,,,,,,,,Hobel,,,,,,,,
Hobelbank,Substantiv,"hobeln,Bank",f,Hobelbank,,,,,,,,,Hobelbänke,,,,,,,,,Hobelbank,,,,,,,,,Hobelbänke,,,,,,,,,Hobelbank,,,,,,,,,Hobelbänken,,,,,,,,,Hobelbank,,,,,,,,,Hobelbänke,,,,,,,,
Hobelmaschine,Substantiv,"Hobel,Maschine",f,Hobelmaschine,,,,,,,,,Hobelmaschinen,,,,,,,,,Hobelmaschine,,,,,,,,,Hobelmaschinen,,,,,,,,,Hobelmaschine,,,,,,,,,Hobelmaschinen,,,,,,,,,Hobelmaschine,,,,,,,,,Hobelmaschinen,,,,,,,,
Holzaxt,Substantiv,"Holz,Axt",f,Holzaxt,,,,,,,,,Holzäxte,,,,,,,,,Holzaxt,,,,,,,,,Holzäxte,,,,,,,,,Holzaxt,,,,,,,,,Holzäxten,,,,,,,,,Holzaxt,,,,,,,,,Holzäxte,,,,,,,,
Holzfeile,Substantiv,"Holz,Feile",f,Holzfeile,,,,,,,,,Holzfeilen,,,,,,,,,Holzfeile,,,,,,,,,Holzfeilen,,,,,,,,,Holzfeile,,,,,,,,,Holzfeilen,,,,,,,,,Holzfeile,,,,,,,,,Holzfeilen,,,,,,,,
Holzsäge,Substantiv,"Holz,Säge",f,Holzsäge,,,,,,,,,Holzsägen,,,,,,,,,Holzsäge,,,,,,,,,Holzsägen,,,,,,,,,Holzsäge,,,,,,,,,Holzsägen,,,,,,,,,Holzsäge,,,,,,,,,Holzsägen,,,,,,,,
Häckselmaschine,Substantiv,"Häcksel,Maschine",f,Häckselmaschine,,,,,,,,,Häckselmaschinen,,,,,,,,,Häckselmaschine,,,,,,,,,Häckselmaschinen,,,,,,,,,Häckselmaschine,,,,,,,,,Häckselmaschinen,,,,,,,,,Häckselmaschine,,,,,,,,,Häckselmaschinen,,,,,,,,
Inbusschlüssel,Substantiv,,m,Inbusschlüssel,,,,,,,,,Inbusschlüssel,,,,,,,,,Inbusschlüssels,,,,,,,,,Inbusschlüssel,,,,,,,,,Inbusschlüssel,,,,,,,,,Inbusschlüsseln,,,,,,,,,Inbusschlüssel,,,,,,,,,Inbusschlüssel,,,,,,,,
Ingenieurhammer,Substantiv,"Ingenieur,Hammer",m,Ingenieurhammer,,,,,,,,,Ingenieurhämmer,,,,,,,,,Ingenieurhammers,,,,,,,,,Ingenieurhämmer,,,,,,,,,Ingenieurhammer,,,,,,,,,Ingenieurhämmern,,,,,,,,,Ingenieurhammer,,,,,,,,,Ingenieurhämmer,,,,,,,,
Jagdmesser,Substantiv,"Jagd,Messer",n,Jagdmesser,,,,,,,,,Jagdmesser,,,,,,,,,Jagdmessers,,,,,,,,,Jagdmesser,,,,,,,,,Jagdmesser,,,,,,,,,Jagdmessern,,,,,,,,,Jagdmesser,,,,,,,,,Jagdmesser,,,,,,,,
Japansäge,Substantiv,"Japan,Säge",f,Japansäge,,,,,,,,,Japansägen,,,,,,,,,Japansäge,,,,,,,,,Japansägen,,,,,,,,,Japansäge,,,,,,,,,Japansägen,,,,,,,,,Japansäge,,,,,,,,,Japansägen,,,,,,,,
Kaffeelöffel,Substantiv,"Kaffee,Löffel",m,Kaffeelöffel,,,,,,,,,Kaffeelöffel,,,,,,,,,Kaffeelöffels,,,,,,,,,Kaffeelöffel,,,,,,,,,Kaffeelöffel,,,,,,,,,Kaffeelöffeln,,,,,,,,,Kaffeelöffel,,,,,,,,,Kaffeelöffel,,,,,,,,
Kartoffelreibe,Substantiv,"Kartoffel,Reibe",f,Kartoffelreibe,,,,,,,,,Kartoffelreiben,,,,,,,,,Kartoffelreibe,,,,,,,,,Kartoffelreiben,,,,,,,,,Kartoffelreibe,,,,,,,,,Kartoffelreiben,,,,,,,,,Kartoffelreibe,,,,,,,,,Kartoffelreiben,,,,,,,,
Kaschiermaschine,Substantiv,"kaschieren,Maschine",f,Kaschiermaschine,,,,,,,,,Kaschiermaschinen,,,,,,,,,Kaschiermaschine,,,,,,,,,Kaschiermaschinen,,,,,,,,,Kaschiermaschine,,,,,,,,,Kaschiermaschinen,,,,,,,,,Kaschiermaschine,,,,,,,,,Kaschiermaschinen,,,,,,,,
Kelle,Substantiv,,f,Kelle,,,,,,,,,Kellen,,,,,,,,,Kelle,,,,,,,,,Kellen,,,,,,,,,Kelle,,,,,,,,,Kellen,,,,,,,,,Kelle,,,,,,,,,Kellen,,,,,,,,
Kernbohrer,Substantiv,"Kern,Bohrer",m,Kernbohrer,,,,,,,,,Kernbohrer,,,,,,,,,Kernbohrers,,,,,,,,,Kernbohrer,,,,,,,,,Kernbohrer,,,,,,,,,Kernbohrern,,,,,,,,,Kernbohrer,,,,,,,,,Kernbohrer,,,,,,,,
Kettensäge,Substantiv,"Kette,Säge",f,Kettensäge,,,,,,,,,Kettensägen,,,,,,,,,Kettensäge,,,,,,,,,Kettensägen,,,,,,,,,Kettensäge,,,,,,,,,Kettensägen,,,,,,,,,Kettensäge,,,,,,,,,Kettensägen,,,,,,,,
Klappmesser,Substantiv,"klappen,Messer",n,Klappmesser,,,,,,,,,Klappmesser,,,,,,,,,Klappmessers,,,,,,,,,Klappmesser,,,,,,,,,Klappmesser,,,,,,,,,Klappmessern,,,,,,,,,Klappmesser,,,,,,,,,Klappmesser,,,,,,,,
Klappspaten,Substantiv,"klappen,Spaten",m,Klappspaten,,,,,,,,,Klappspaten,,,,,,,,,Klappspatens,,,,,,,,,Klappspaten,,,,,,,,,Klappspaten,,,,,,,,,Klappspaten,,,,,,,,,Klappspaten,,,,,,,,,Klappspaten,,,,,,,,
Klebestift,Substantiv,"kleben,Stift",m,Klebestift,,,,,,,,,Klebestifte,,,,,,,,,Klebestiftes,Klebestifts,,,,,,,,Klebestifte,,,,,,,,,Klebestift,Klebestifte,,,,,,,,Klebestiften,,,,,,,,,Klebestift,,,,,,,,,Klebestifte,,,,,,,,
Kneifzange,Substantiv,,f,Kneifzange,,,,,,,,,Kneifzangen,,,,,,,,,Kneifzange,,,,,,,,,Kneifzangen,,,,,,,,,Kneifzange,,,,,,,,,Kneifzangen,,,,,,,,,Kneifzange,,,,,,,,,Kneifzangen,,,,,,,,
Knochensäge,Substantiv,"Knochen,Säge",f,Knochensäge,,,,,,,,,Knochensägen,,,,,,,,,Knochensäge,,,,,,,,,Knochensägen,,,,,,,,,Knochensäge,,,,,,,,,Knochensägen,,,,,,,,,Knochensäge,,,,,,,,,Knochensägen,,,,,,,,
Knopfgabel,Substantiv,"Knopf,Gabel",f,Knopfgabel,,,,,,,,,Knopfgabeln,,,,,,,,,Knopfgabel,,,,,,,,,Knopfgabeln,,,,,,,,,Knopfgabel,,,,,,,,,Knopfgabeln,,,,,,,,,Knopfgabel,,,,,,,,,Knopfgabeln,,,,,,,,
Kombinationszange,Substantiv,"Kombination,Zange",f,Kombinationszange,,,,,,,,,Kombinationszangen,,,,,,,,,Kombinationszange,,,,,,,,,Kombinationszangen,,,,,,,,,Kombinationszange,,,,,,,,,Kombinationszangen,,,,,,,,,Kombinationszange,,,,,,,,,Kombinationszangen,,,,,,,,
Kombizange,Substantiv,,f,Kombizange,,,,,,,,,Kombizangen,,,,,,,,,Kombizange,,,,,,,,,Kombizangen,,,,,,,,,Kombizange,,,,,,,,,Kombizangen,,,,,,,,,Kombizange,,,,,,,,,Kombizangen,,,,,,,,
Kreissäge,Substantiv,"Kreis,Säge",f,Kreissäge,,,,,,,,,Kreissägen,,,,,,,,,Kreissäge,,,,,,,,,Kreissägen,,,,,,,,,Kreissäge,,,,,,,,,Kreissägen,,,,,,,,,Kreissäge,,,,,,,,,Kreissägen,,,,,,,,
Kuchengabel,Substantiv,"Kuchen,Gabel",f,Kuchengabel,,,,,,,,,Kuchengabeln,,,,,,,,,Kuchengabel,,,,,,,,,Kuchengabeln,,,,,,,,,Kuchengabel,,,,,,,,,Kuchengabeln,,,,,,,,,Kuchengabel,,,,,,,,,Kuchengabeln,,,,,,,,
Kuchenmesser,Substantiv,"Kuchen,Messer",n,Kuchenmesser,,,,,,,,,Kuchenmesser,,,,,,,,,Kuchenmessers,,,,,,,,,Kuchenmesser,,,,,,,,,Kuchenmesser,,,,,,,,,Kuchenmessern,,,,,,,,,Kuchenmesser,,,,,,,,,Kuchenmesser,,,,,,,,
Kutterschaufel,Substantiv,"Kutter#Substantiv, m, n|Kutter,Schaufel",f,Kutterschaufel,,,,,,,,,Kutterschaufeln,,,,,,,,,Kutterschaufel,,,,,,,,,Kutterschaufeln,,,,,,,,,Kutterschaufel,,,,,,,,,Kutterschaufeln,,,,,,,,,Kutterschaufel,,,,,,,,,Kutterschaufeln,,,,,,,,
Käsehobel,Substantiv,"Käse,Hobel",m,Käsehobel,,,,,,,,,Käsehobel,,,,,,,,,Käsehobels,,,,,,,,,Käsehobel,,,,,,,,,Käsehobel,,,,,,,,,Käsehobeln,,,,,,,,,Käsehobel,,,,,,,,,Käsehobel,,,,,,,,
Küchenmesser,Substantiv,"Küche,Messer",n,Küchenmesser,,,,,,,,,Küchenmesser,,,,,,,,,Küchenmessers,,,,,,,,,Küchenmesser,,,,,,,,,Küchenmesser,,,,,,,,,Küchenmessern,,,,,,,,,Küchenmesser,,,,,,,,,Küchenmesser,,,,,,,,
Küchenreibe,Substantiv,"Küche,Reibe",f,Küchenreibe,,,,,,,,,Küchenreiben,,,,,,,,,Küchenreibe,,,,,,,,,Küchenreiben,,,,,,,,,Küchenreibe,,,,,,,,,Küchenreiben,,,,,,,,,Küchenreibe,,,,,,,,,Küchenreiben,,,,,,,,
Latthammer,Substantiv,,m,Latthammer,,,,,,,,,Latthämmer,,,,,,,,,Latthammers,,,,,,,,,Latthämmer,,,,,,,,,Latthammer,,,,,,,,,Latthämmern,,,,,,,,,Latthammer,,,,,,,,,Latthämmer,,,,,,,,
Laubsäge,Substantiv,"Laub,Säge",f,Laubsäge,,,,,,,,,Laubsägen,,,,,,,,,Laubsäge,,,,,,,,,Laubsägen,,,,,,,,,Laubsäge,,,,,,,,,Laubsägen,,,,,,,,,Laubsäge,,,,,,,,,Laubsägen,,,,,,,,
Leiter,Substantiv,,f,Leiter,,,,,,,,,Leitern,,,,,,,,,Leiter,,,,,,,,,Leitern,,,,,,,,,Leiter,,,,,,,,,Leitern,,,,,,,,,Leiter,,,,,,,,,Leitern,,,,,,,,
Lineal,Substantiv,,n,Lineal,,,,,,,,,Lineale,,,,,,,,,Lineals,,,,,,,,,Lineale,,,,,,,,,Lineal,,,,,,,,,Linealen,,,,,,,,,Lineal,,,,,,,,,Lineale,,,,,,,,
Liniermaschine,Substantiv,"linieren,Maschine",f,Liniermaschine,,,,,,,,,Liniermaschinen,,,,,,,,,Liniermaschine,,,,,,,,,Liniermaschinen,,,,,,,,,Liniermaschine,,,,,,,,,Liniermaschinen,,,,,,,,,Liniermaschine,,,,,,,,,Liniermaschinen,,,,,,,,
Liniiermaschine,Substantiv,"liniieren,Maschine",f,Liniiermaschine,,,,,,,,,Liniiermaschinen,,,,,,,,,Liniiermaschine,,,,,,,,,Liniiermaschinen,,,,,,,,,Liniiermaschine,,,,,,,,,Liniiermaschinen,,,,,,,,,Liniiermaschine,,,,,,,,,Liniiermaschinen,,,,,,,,
Lochsäge,Substantiv,"Loch,Säge",f,Lochsäge,,,,,,,,,Lochsägen,,,,,,,,,Lochsäge,,,,,,,,,Lochsägen,,,,,,,,,Lochsäge,,,,,,,,,Lochsägen,,,,,,,,,Lochsäge,,,,,,,,,Lochsägen,,,,,,,,
Lochzange,Substantiv,"Loch,Zange",f,Lochzange,,,,,,,,,Lochzangen,,,,,,,,,Lochzange,,,,,,,,,Lochzangen,,,,,,,,,Lochzange,,,,,,,,,Lochzangen,,,,,,,,,Lochzange,,,,,,,,,Lochzangen,,,,,,,,
Löffel,Substantiv,,m,Löffel,,,,,,,,,Löffel,,,,,,,,,Löffels,,,,,,,,,Löffel,,,,,,,,,Löffel,,,,,,,,,Löffeln,,,,,,,,,Löffel,,,,,,,,,Löffel,,,,,,,,
Lötkolben,Substantiv,"löten,Kolben",m,Lötkolben,,,,,,,,,Lötkolben,,,,,,,,,Lötkolbens,,,,,,,,,Lötkolben,,,,,,,,,Lötkolben,,,,,,,,,Lötkolben,,,,,,,,,Lötkolben,,,,,,,,,Lötkolben,,,,,,,,
Lötlampe,Substantiv,"löten,Lampe",f,Lötlampe,,,,,,,,,Lötlampen,,,,,,,,,Lötlampe,,,,,,,,,Lötlampen,,,,,,,,,Lötlampe,,,,,,,,,Lötlampen,,,,,,,,,Lötlampe,,,,,,,,,Lötlampen,,,,,,,,
Maurerkelle,Substantiv,"Maurer,Kelle",f,Maurerkelle,,,,,,,,,Maurerkellen,,,,,,,,,Maurerkelle,,,,,,,,,Maurerkellen,,,,,,,,,Maurerkelle,,,,,,,,,Maurerkellen,,,,,,,,,Maurerkelle,,,,,,,,,Maurerkellen,,,,,,,,
Maßband,Substantiv,"Maß,Band",n,Maßband,,,,,,,,,Maßbänder,,,,,,,,,Maßbands,Maßbandes,,,,,,,,Maßbänder,,,,,,,,,Maßband,Maßbande,,,,,,,,Maßbändern,,,,,,,,,Maßband,,,,,,,,,Maßbänder,,,,,,,,
Mehlsieb,Substantiv,"Mehl,Sieb",n,Mehlsieb,,,,,,,,,Mehlsiebe,,,,,,,,,Mehlsiebs,Mehlsiebes,,,,,,,,Mehlsiebe,,,,,,,,,Mehlsieb,,,,,,,,,Mehlsieben,,,,,,,,,Mehlsieb,,,,,,,,,Mehlsiebe,,,,,,,,
Mehrphasenwechselstromgenerator,Substantiv,"Mehrphasenwechselstrom,Generator",m,Mehrphasenwechselstromgenerator,,,,,,,,,Mehrphasenwechselstromgeneratoren,,,,,,,,,Mehrphasenwechselstromgenerators,,,,,,,,,Mehrphasenwechselstromgeneratoren,,,,,,,,,Mehrphasenwechselstromgenerator,,,,,,,,,Mehrphasenwechselstromgeneratoren,,,,,,,,,Mehrphasenwechselstromgenerator,,,,,,,,,Mehrphasenwechselstromgeneratoren,,,,,,,,
Meißel,Substantiv,,m,Meißel,,,,,,,,,Meißel,,,,,,,,,Meißels,,,,,,,,,Meißel,,,,,,,,,Meißel,,,,,,,,,Meißeln,,,,,,,,,Meißel,,,,,,,,,Meißel,,,,,,,,
Melkmaschine,Substantiv,"melken,Maschine",f,Melkmaschine,,,,,,,,,Melkmaschinen,,,,,,,,,Melkmaschine,,,,,,,,,Melkmaschinen,,,,,,,,,Melkmaschine,,,,,,,,,Melkmaschinen,,,,,,,,,Melkmaschine,,,,,,,,,Melkmaschinen,,,,,,,,
Messer,Substantiv,,n,Messer,,,,,,,,,Messer,,,,,,,,,Messers,,,,,,,,,Messer,,,,,,,,,Messer,,,,,,,,,Messern,,,,,,,,,Messer,,,,,,,,,Messer,,,,,,,,
Messlatte,Substantiv,"messen,Latte",f,Messlatte,,,,,,,,,Messlatten,,,,,,,,,Messlatte,,,,,,,,,Messlatten,,,,,,,,,Messlatte,,,,,,,,,Messlatten,,,,,,,,,Messlatte,,,,,,,,,Messlatten,,,,,,,,
Messschieber,Substantiv,"messen,Schieber",m,Messschieber,,,,,,,,,Messschieber,,,,,,,,,Messschiebers,,,,,,,,,Messschieber,,,,,,,,,Messschieber,,,,,,,,,Messschiebern,,,,,,,,,Messschieber,,,,,,,,,Messschieber,,,,,,,,
Metallsäge,Substantiv,"Metall,Säge",f,Metallsäge,,,,,,,,,Metallsägen,,,,,,,,,Metallsäge,,,,,,,,,Metallsägen,,,,,,,,,Metallsäge,,,,,,,,,Metallsägen,,,,,,,,,Metallsäge,,,,,,,,,Metallsägen,,,,,,,,
Mistgabel,Substantiv,"Mist,Gabel",f,Mistgabel,,,,,,,,,Mistgabeln,,,,,,,,,Mistgabel,,,,,,,,,Mistgabeln,,,,,,,,,Mistgabel,,,,,,,,,Mistgabeln,,,,,,,,,Mistgabel,,,,,,,,,Mistgabeln,,,,,,,,
Motorsense,Substantiv,"Motor,Sense",f,Motorsense,,,,,,,,,Motorsensen,,,,,,,,,Motorsense,,,,,,,,,Motorsensen,,,,,,,,,Motorsense,,,,,,,,,Motorsensen,,,,,,,,,Motorsense,,,,,,,,,Motorsensen,,,,,,,,
Motorsäge,Substantiv,"Motor,Säge",f,Motorsäge,,,,,,,,,Motorsägen,,,,,,,,,Motorsäge,,,,,,,,,Motorsägen,,,,,,,,,Motorsäge,,,,,,,,,Motorsägen,,,,,,,,,Motorsäge,,,,,,,,,Motorsägen,,,,,,,,
Muskatreibe,Substantiv,"Muskat,Reibe",f,Muskatreibe,,,,,,,,,Muskatreiben,,,,,,,,,Muskatreibe,,,,,,,,,Muskatreiben,,,,,,,,,Muskatreibe,,,,,,,,,Muskatreiben,,,,,,,,,Muskatreibe,,,,,,,,,Muskatreiben,,,,,,,,
Mutterbohrer,Substantiv,"Mutter,Bohrer",m,Mutterbohrer,,,,,,,,,Mutterbohrer,,,,,,,,,Mutterbohrers,,,,,,,,,Mutterbohrer,,,,,,,,,Mutterbohrer,,,,,,,,,Mutterbohrern,,,,,,,,,Mutterbohrer,,,,,,,,,Mutterbohrer,,,,,,,,
Nadel,Substantiv,,f,Nadel,,,,,,,,,Nadeln,,,,,,,,,Nadel,,,,,,,,,Nadeln,,,,,,,,,Nadel,,,,,,,,,Nadeln,,,,,,,,,Nadel,,,,,,,,,Nadeln,,,,,,,,
Nadelhalter,Substantiv,,m,Nadelhalter,,,,,,,,,Nadelhalter,,,,,,,,,Nadelhalters,,,,,,,,,Nadelhalter,,,,,,,,,Nadelhalter,,,,,,,,,Nadelhaltern,,,,,,,,,Nadelhalter,,,,,,,,,Nadelhalter,,,,,,,,
Nagelbohrer,Substantiv,"Nagel,Bohrer",m,Nagelbohrer,,,,,,,,,Nagelbohrer,,,,,,,,,Nagelbohrers,,,,,,,,,Nagelbohrer,,,,,,,,,Nagelbohrer,,,,,,,,,Nagelbohrern,,,,,,,,,Nagelbohrer,,,,,,,,,Nagelbohrer,,,,,,,,
Nagelfeile,Substantiv,"Nagel,Feile",f,Nagelfeile,,,,,,,,,Nagelfeilen,,,,,,,,,Nagelfeile,,,,,,,,,Nagelfeilen,,,,,,,,,Nagelfeile,,,,,,,,,Nagelfeilen,,,,,,,,,Nagelfeile,,,,,,,,,Nagelfeilen,,,,,,,,
Nagelschere,Substantiv,"Nagel,Schere",f,Nagelschere,,,,,,,,,Nagelscheren,,,,,,,,,Nagelschere,,,,,,,,,Nagelscheren,,,,,,,,,Nagelschere,,,,,,,,,Nagelscheren,,,,,,,,,Nagelschere,,,,,,,,,Nagelscheren,,,,,,,,
Notstromgenerator,Substantiv,"Notstrom,Generator",m,Notstromgenerator,,,,,,,,,Notstromgeneratoren,,,,,,,,,Notstromgenerators,,,,,,,,,Notstromgeneratoren,,,,,,,,,Notstromgenerator,,,,,,,,,Notstromgeneratoren,,,,,,,,,Notstromgenerator,,,,,,,,,Notstromgeneratoren,,,,,,,,
Nudelmaschine,Substantiv,"Nudel,Maschine",f,Nudelmaschine,,,,,,,,,Nudelmaschinen,,,,,,,,,Nudelmaschine,,,,,,,,,Nudelmaschinen,,,,,,,,,Nudelmaschine,,,,,,,,,Nudelmaschinen,,,,,,,,,Nudelmaschine,,,,,,,,,Nudelmaschinen,,,,,,,,
Nudelsieb,Substantiv,"Nudel,Sieb",n,Nudelsieb,,,,,,,,,Nudelsiebe,,,,,,,,,Nudelsiebes,Nudelsiebs,,,,,,,,Nudelsiebe,,,,,,,,,Nudelsieb,Nudelsiebe,,,,,,,,Nudelsieben,,,,,,,,,Nudelsieb,,,,,,,,,Nudelsiebe,,,,,,,,
Obstmesser,Substantiv,"Obst,Messer",n,Obstmesser,,,,,,,,,Obstmesser,,,,,,,,,Obstmessers,,,,,,,,,Obstmesser,,,,,,,,,Obstmesser,,,,,,,,,Obstmessern,,,,,,,,,Obstmesser,,,,,,,,,Obstmesser,,,,,,,,
Paginiermaschine,Substantiv,"paginieren,Maschine",f,Paginiermaschine,,,,,,,,,Paginiermaschinen,,,,,,,,,Paginiermaschine,,,,,,,,,Paginiermaschinen,,,,,,,,,Paginiermaschine,,,,,,,,,Paginiermaschinen,,,,,,,,,Paginiermaschine,,,,,,,,,Paginiermaschinen,,,,,,,,
Paketiermaschine,Substantiv,"paketieren,Maschine",f,Paketiermaschine,,,,,,,,,Paketiermaschinen,,,,,,,,,Paketiermaschine,,,,,,,,,Paketiermaschinen,,,,,,,,,Paketiermaschine,,,,,,,,,Paketiermaschinen,,,,,,,,,Paketiermaschine,,,,,,,,,Paketiermaschinen,,,,,,,,
Papierschere,Substantiv,"Papier,Schere",f,Papierschere,,,,,,,,,Papierscheren,,,,,,,,,Papierschere,,,,,,,,,Papierscheren,,,,,,,,,Papierschere,,,,,,,,,Papierscheren,,,,,,,,,Papierschere,,,,,,,,,Papierscheren,,,,,,,,
Parmesanmesser,Substantiv,"Parmesan,Messer",n,Parmesanmesser,,,,,,,,,Parmesanmesser,,,,,,,,,Parmesanmessers,,,,,,,,,Parmesanmesser,,,,,,,,,Parmesanmesser,,,,,,,,,Parmesanmessern,,,,,,,,,Parmesanmesser,,,,,,,,,Parmesanmesser,,,,,,,,
Parmesanreibe,Substantiv,"Parmesan,Reibe",f,Parmesanreibe,,,,,,,,,Parmesanreiben,,,,,,,,,Parmesanreibe,,,,,,,,,Parmesanreiben,,,,,,,,,Parmesanreibe,,,,,,,,,Parmesanreiben,,,,,,,,,Parmesanreibe,,,,,,,,,Parmesanreiben,,,,,,,,
Perforiermaschine,Substantiv,"perforieren,Maschine",f,Perforiermaschine,,,,,,,,,Perforiermaschinen,,,,,,,,,Perforiermaschine,,,,,,,,,Perforiermaschinen,,,,,,,,,Perforiermaschine,,,,,,,,,Perforiermaschinen,,,,,,,,,Perforiermaschine,,,,,,,,,Perforiermaschinen,,,,,,,,
Pfriem,Substantiv,,m,Pfriem,,,,,,,,,Pfrieme,,,,,,,,,Pfriemes,Pfriems,,,,,,,,Pfrieme,,,,,,,,,Pfriem,,,,,,,,,Pfriemen,,,,,,,,,Pfriem,,,,,,,,,Pfrieme,,,,,,,,
Pinsel,Substantiv,,m,Pinsel,,,,,,,,,Pinsel,,,,,,,,,Pinsels,,,,,,,,,Pinsel,,,,,,,,,Pinsel,,,,,,,,,Pinseln,,,,,,,,,Pinsel,,,,,,,,,Pinsel,,,,,,,,
Pinzette,Substantiv,,f,Pinzette,,,,,,,,,Pinzetten,,,,,,,,,Pinzette,,,,,,,,,Pinzetten,,,,,,,,,Pinzette,,,,,,,,,Pinzetten,,,,,,,,,Pinzette,,,,,,,,,Pinzetten,,,,,,,,
Poliermaschine,Substantiv,"polieren,Maschine",f,Poliermaschine,,,,,,,,,Poliermaschinen,,,,,,,,,Poliermaschine,,,,,,,,,Poliermaschinen,,,,,,,,,Poliermaschine,,,,,,,,,Poliermaschinen,,,,,,,,,Poliermaschine,,,,,,,,,Poliermaschinen,,,,,,,,
Pressluftbohrer,Substantiv,"Pressluft,Bohrer",m,Pressluftbohrer,,,,,,,,,Pressluftbohrer,,,,,,,,,Pressluftbohrers,,,,,,,,,Pressluftbohrer,,,,,,,,,Pressluftbohrer,,,,,,,,,Pressluftbohrern,,,,,,,,,Pressluftbohrer,,,,,,,,,Pressluftbohrer,,,,,,,,
Presslufthammer,Substantiv,"Pressluft,Hammer",m,Presslufthammer,,,,,,,,,Presslufthämmer,,,,,,,,,Presslufthammers,,,,,,,,,Presslufthämmer,,,,,,,,,Presslufthammer,,,,,,,,,Presslufthämmern,,,,,,,,,Presslufthammer,,,,,,,,,Presslufthämmer,,,,,,,,
Punktiermaschine,Substantiv,"punktieren,Maschine",f,Punktiermaschine,,,,,,,,,Punktiermaschinen,,,,,,,,,Punktiermaschine,,,,,,,,,Punktiermaschinen,,,,,,,,,Punktiermaschine,,,,,,,,,Punktiermaschinen,,,,,,,,,Punktiermaschine,,,,,,,,,Punktiermaschinen,,,,,,,,
Radiergummi,Substantiv,"radieren,Gummi",,,,Radiergummi,Radiergummi,,,,,,Radiergummis,,,,,,,,,,,Radiergummis,Radiergummis,,,,,,Radiergummis,,,,,,,,,,,Radiergummi,Radiergummi,,,,,,Radiergummis,,,,,,,,,,,Radiergummi,Radiergummi,,,,,,Radiergummis,,,,,,,,
Rasenmäher,Substantiv,"Rasen,Mäher",m,Rasenmäher,,,,,,,,,Rasenmäher,,,,,,,,,Rasenmähers,,,,,,,,,Rasenmäher,,,,,,,,,Rasenmäher,,,,,,,,,Rasenmähern,,,,,,,,,Rasenmäher,,,,,,,,,Rasenmäher,,,,,,,,
Rasiermesser,Substantiv,"rasieren,Messer",n,Rasiermesser,,,,,,,,,Rasiermesser,,,,,,,,,Rasiermessers,,,,,,,,,Rasiermesser,,,,,,,,,Rasiermesser,,,,,,,,,Rasiermessern,,,,,,,,,Rasiermesser,,,,,,,,,Rasiermesser,,,,,,,,
Rasierpinsel,Substantiv,"rasieren,Pinsel",m,Rasierpinsel,,,,,,,,,Rasierpinsel,,,,,,,,,Rasierpinsels,,,,,,,,,Rasierpinsel,,,,,,,,,Rasierpinsel,,,,,,,,,Rasierpinseln,,,,,,,,,Rasierpinsel,,,,,,,,,Rasierpinsel,,,,,,,,
Raspel,Substantiv,,f,Raspel,,,,,,,,,Raspeln,,,,,,,,,Raspel,,,,,,,,,Raspeln,,,,,,,,,Raspel,,,,,,,,,Raspeln,,,,,,,,,Raspel,,,,,,,,,Raspeln,,,,,,,,
Raspel,Substantiv,,m,Raspel,,,,,,,,,Raspel,,,,,,,,,Raspels,,,,,,,,,Raspel,,,,,,,,,Raspel,,,,,,,,,Raspeln,,,,,,,,,Raspel,,,,,,,,,Raspel,,,,,,,,
Rebsäge,Substantiv,"Rebe,Säge",f,Rebsäge,,,,,,,,,Rebsägen,,,,,,,,,Rebsäge,,,,,,,,,Rebsägen,,,,,,,,,Rebsäge,,,,,,,,,Rebsägen,,,,,,,,,Rebsäge,,,,,,,,,Rebsägen,,,,,,,,
Rechen,Substantiv,,m,Rechen,,,,,,,,,Rechen,,,,,,,,,Rechens,,,,,,,,,Rechen,,,,,,,,,Rechen,,,,,,,,,Rechen,,,,,,,,,Rechen,,,,,,,,,Rechen,,,,,,,,
Rechenschieber,Substantiv,"rechnen,Schieber",m,Rechenschieber,,,,,,,,,Rechenschieber,,,,,,,,,Rechenschiebers,,,,,,,,,Rechenschieber,,,,,,,,,Rechenschieber,,,,,,,,,Rechenschiebern,,,,,,,,,Rechenschieber,,,,,,,,,Rechenschieber,,,,,,,,
Reibe,Substantiv,,f,Reibe,,,,,,,,,Reiben,,,,,,,,,Reibe,,,,,,,,,Reiben,,,,,,,,,Reibe,,,,,,,,,Reiben,,,,,,,,,Reibe,,,,,,,,,Reiben,,,,,,,,
Reibeisen,Substantiv,"reiben,Eisen",n,Reibeisen,,,,,,,,, Reibeisen,,,,,,,,,Reibeisens,,,,,,,,,Reibeisen,,,,,,,,,Reibeisen,,,,,,,,,Reibeisen,,,,,,,,,Reibeisen,,,,,,,,,Reibeisen,,,,,,,,
Rohrzange,Substantiv,,f,Rohrzange,,,,,,,,,Rohrzangen,,,,,,,,,Rohrzange,,,,,,,,,Rohrzangen,,,,,,,,,Rohrzange,,,,,,,,,Rohrzangen,,,,,,,,,Rohrzange,,,,,,,,,Rohrzangen,,,,,,,,
Rollgabelschlüssel,Substantiv,,m, Rollgabelschlüssel,,,,,,,,, Rollgabelschlüssel,,,,,,,,,Rollgabelschlüssels,,,,,,,,, Rollgabelschlüssel,,,,,,,,, Rollgabelschlüssel,,,,,,,,,Rollgabelschlüsseln,,,,,,,,, Rollgabelschlüssel,,,,,,,,, Rollgabelschlüssel,,,,,,,,
Rundfeile,Substantiv,"rund,Feile",f,Rundfeile,,,,,,,,,Rundfeilen,,,,,,,,,Rundfeile,,,,,,,,,Rundfeilen,,,,,,,,,Rundfeile,,,,,,,,,Rundfeilen,,,,,,,,,Rundfeile,,,,,,,,,Rundfeilen,,,,,,,,
Rührlöffel,Substantiv,"rühren,Löffel",m,Rührlöffel,,,,,,,,,Rührlöffel,,,,,,,,,Rührlöffels,,,,,,,,,Rührlöffel,,,,,,,,,Rührlöffel,,,,,,,,,Rührlöffeln,,,,,,,,,Rührlöffel,,,,,,,,,Rührlöffel,,,,,,,,
Saucenlöffel,Substantiv,"Sauce,Löffel",m,Saucenlöffel,,,,,,,,,Saucenlöffel,,,,,,,,,Saucenlöffels,,,,,,,,,Saucenlöffel,,,,,,,,,Saucenlöffel,,,,,,,,,Saucenlöffeln,,,,,,,,,Saucenlöffel,,,,,,,,,Saucenlöffel,,,,,,,,
Schaufel,Substantiv,,f,Schaufel,,,,,,,,,Schaufeln,,,,,,,,,Schaufel,,,,,,,,,Schaufeln,,,,,,,,,Schaufel,,,,,,,,,Schaufeln,,,,,,,,,Schaufel,,,,,,,,,Schaufeln,,,,,,,,
Schaufellader,Substantiv,"Schaufel,Lader",m,Schaufellader,,,,,,,,,Schaufellader,,,,,,,,,Schaufelladers,,,,,,,,,Schaufellader,,,,,,,,,Schaufellader,,,,,,,,,Schaufelladern,,,,,,,,,Schaufellader,,,,,,,,,Schaufellader,,,,,,,,
Schaufelradbagger,Substantiv,"Schaufelrad,Bagger",m,Schaufelradbagger,,,,,,,,,Schaufelradbagger,,,,,,,,,Schaufelradbaggers,,,,,,,,,Schaufelradbagger,,,,,,,,,Schaufelradbagger,,,,,,,,,Schaufelradbaggern,,,,,,,,,Schaufelradbagger,,,,,,,,,Schaufelradbagger,,,,,,,,
Schaufelraddampfer,Substantiv,"Schaufelrad,Dampfer",m,Schaufelraddampfer,,,,,,,,,Schaufelraddampfer,,,,,,,,,Schaufelraddampfers,,,,,,,,,Schaufelraddampfer,,,,,,,,,Schaufelraddampfer,,,,,,,,,Schaufelraddampfern,,,,,,,,,Schaufelraddampfer,,,,,,,,,Schaufelraddampfer,,,,,,,,
Schere,Substantiv,,f,Schere,,,,,,,,,Scheren,,,,,,,,,Schere,,,,,,,,,Scheren,,,,,,,,,Schere,,,,,,,,,Scheren,,,,,,,,,Schere,,,,,,,,,Scheren,,,,,,,,
Scherenfernrohr,Substantiv,"Schere,Fernrohr",n,Scherenfernrohr,,,,,,,,,Scherenfernrohre,,,,,,,,,Scherenfernrohrs,Scherenfernrohres,,,,,,,,Scherenfernrohre,,,,,,,,,Scherenfernrohr,,,,,,,,,Scherenfernrohren,,,,,,,,,Scherenfernrohr,,,,,,,,,Scherenfernrohre,,,,,,,,
Schermesser,Substantiv,"scheren,Messer",n,Schermesser,,,,,,,,,Schermesser,,,,,,,,,Schermessers,,,,,,,,,Schermesser,,,,,,,,,Schermesser,,,,,,,,,Schermessern,,,,,,,,,Schermesser,,,,,,,,,Schermesser,,,,,,,,
Schieblehre,Substantiv,,f,Schieblehre,,,,,,,,,Schieblehren,,,,,,,,,Schieblehre,,,,,,,,,Schieblehren,,,,,,,,,Schieblehre,,,,,,,,,Schieblehren,,,,,,,,,Schieblehre,,,,,,,,,Schieblehren,,,,,,,,
Schleifstein,Substantiv,"schleifen,Stein",m,Schleifstein,,,,,,,,,Schleifsteine,,,,,,,,,Schleifsteins,Schleifsteines,,,,,,,,Schleifsteine,,,,,,,,,Schleifstein,Schleifsteine,,,,,,,,Schleifsteinen,,,,,,,,,Schleifstein,,,,,,,,,Schleifsteine,,,,,,,,
Schlosserhammer,Substantiv,,m,Schlosserhammer,,,,,,,,,Schlosserhämmer,,,,,,,,,Schlosserhammers,,,,,,,,,Schlosserhämmer,,,,,,,,,Schlosserhammer,,,,,,,,,Schlosserhämmern,,,,,,,,,Schlosserhammer,,,,,,,,,Schlosserhämmer,,,,,,,,
Schmiege,Substantiv,,f,Schmiege,,,,,,,,,Schmiegen,,,,,,,,,Schmiege,,,,,,,,,Schmiegen,,,,,,,,,Schmiege,,,,,,,,,Schmiegen,,,,,,,,,Schmiege,,,,,,,,,Schmiegen,,,,,,,,
Schnappmesser,Substantiv,"schnappen,Messer",n,Schnappmesser,,,,,,,,,Schnappmesser,,,,,,,,,Schnappmessers,,,,,,,,,Schnappmesser,,,,,,,,,Schnappmesser,,,,,,,,,Schnappmessern,,,,,,,,,Schnappmesser,,,,,,,,,Schnappmesser,,,,,,,,
Schneebesen,Substantiv,"Schnee,Besen",m,Schneebesen,,,,,,,,,Schneebesen,,,,,,,,,Schneebesens,,,,,,,,,Schneebesen,,,,,,,,,Schneebesen,,,,,,,,,Schneebesen,,,,,,,,,Schneebesen,,,,,,,,,Schneebesen,,,,,,,,
Schneeschaufel,Substantiv,"Schnee,Schaufel",f,Schneeschaufel,,,,,,,,,Schneeschaufeln,,,,,,,,,Schneeschaufel,,,,,,,,,Schneeschaufeln,,,,,,,,,Schneeschaufel,,,,,,,,,Schneeschaufeln,,,,,,,,,Schneeschaufel,,,,,,,,,Schneeschaufeln,,,,,,,,
Schneidbohrer,Substantiv,"schneiden,Bohrer",m,Schneidbohrer,,,,,,,,,Schneidbohrer,,,,,,,,,Schneidbohrers,,,,,,,,,Schneidbohrer,,,,,,,,,Schneidbohrer,,,,,,,,,Schneidbohrern,,,,,,,,,Schneidbohrer,,,,,,,,,Schneidbohrer,,,,,,,,
Schraffiermaschine,Substantiv,"schraffieren,Maschine",f,Schraffiermaschine,,,,,,,,,Schraffiermaschinen,,,,,,,,,Schraffiermaschine,,,,,,,,,Schraffiermaschinen,,,,,,,,,Schraffiermaschine,,,,,,,,,Schraffiermaschinen,,,,,,,,,Schraffiermaschine,,,,,,,,,Schraffiermaschinen,,,,,,,,
Schraubendreher,Substantiv,,m,Schraubendreher,,,,,,,,,Schraubendreher,,,,,,,,,Schraubendrehers,,,,,,,,,Schraubendreher,,,,,,,,,Schraubendreher,,,,,,,,,Schraubendrehern,,,,,,,,,Schraubendreher,,,,,,,,,Schraubendreher,,,,,,,,
Schraubenschlüssel,Substantiv,"Schraube,Schlüssel",m,Schraubenschlüssel,,,,,,,,,Schraubenschlüssel,,,,,,,,,Schraubenschlüssels,,,,,,,,,Schraubenschlüssel,,,,,,,,,Schraubenschlüssel,,,,,,,,,Schraubenschlüsseln,,,,,,,,,Schraubenschlüssel,,,,,,,,,Schraubenschlüssel,,,,,,,,
Schraubenzieher,Substantiv,"Schraube,ziehen",m,Schraubenzieher,,,,,,,,,Schraubenzieher,,,,,,,,,Schraubenziehers,,,,,,,,,Schraubenzieher,,,,,,,,,Schraubenzieher,,,,,,,,,Schraubenziehern,,,,,,,,,Schraubenzieher,,,,,,,,,Schraubenzieher,,,,,,,,
Schraubstock,Substantiv,,m,Schraubstock,,,,,,,,,Schraubstöcke,,,,,,,,,Schraubstockes,Schraubstocks,,,,,,,,Schraubstöcke,,,,,,,,,Schraubstock,Schraubstocke,,,,,,,,Schraubstöcken,,,,,,,,,Schraubstock,,,,,,,,,Schraubstöcke,,,,,,,,
Schraubzwinge,Substantiv,,f,Schraubzwinge,,,,,,,,,Schraubzwingen,,,,,,,,,Schraubzwinge,,,,,,,,,Schraubzwingen,,,,,,,,,Schraubzwinge,,,,,,,,,Schraubzwingen,,,,,,,,,Schraubzwinge,,,,,,,,,Schraubzwingen,,,,,,,,
Schreibmaschine,Substantiv,"schreiben,Maschine",f,Schreibmaschine,,,,,,,,,Schreibmaschinen,,,,,,,,,Schreibmaschine,,,,,,,,,Schreibmaschinen,,,,,,,,,Schreibmaschine,,,,,,,,,Schreibmaschinen,,,,,,,,,Schreibmaschine,,,,,,,,,Schreibmaschinen,,,,,,,,
Schrotsäge,Substantiv,"schroten,Säge",f,Schrotsäge,,,,,,,,,Schrotsägen,,,,,,,,,Schrotsäge,,,,,,,,,Schrotsägen,,,,,,,,,Schrotsäge,,,,,,,,,Schrotsägen,,,,,,,,,Schrotsäge,,,,,,,,,Schrotsägen,,,,,,,,
Schrubber,Substantiv,,m,Schrubber,,,,,,,,,Schrubber,,,,,,,,,Schrubbers,,,,,,,,,Schrubber,,,,,,,,,Schrubber,,,,,,,,,Schrubbern,,,,,,,,,Schrubber,,,,,,,,,Schrubber,,,,,,,,
Schubkarre,Substantiv,"Schub,Karre",f,Schubkarre,,,,,,,,,Schubkarren,,,,,,,,,Schubkarre,,,,,,,,,Schubkarren,,,,,,,,,Schubkarre,,,,,,,,,Schubkarren,,,,,,,,,Schubkarre,,,,,,,,,Schubkarren,,,,,,,,
Schubkarren,Substantiv,,m,Schubkarren,,,,,,,,,Schubkarren,,,,,,,,,Schubkarrens,,,,,,,,,Schubkarren,,,,,,,,,Schubkarren,,,,,,,,,Schubkarren,,,,,,,,,Schubkarren,,,,,,,,,Schubkarren,,,,,,,,
Schublehre,Substantiv,,f,Schublehre,,,,,,,,,Schublehren,,,,,,,,,Schublehre,,,,,,,,,Schublehren,,,,,,,,,Schublehre,,,,,,,,,Schublehren,,,,,,,,,Schublehre,,,,,,,,,Schublehren,,,,,,,,
Schweizermesser,Substantiv,"Schweizer,Messer",n,Schweizermesser,,,,,,,,,Schweizermesser,,,,,,,,,Schweizermessers,,,,,,,,,Schweizermesser,,,,,,,,,Schweizermesser,,,,,,,,,Schweizermessern,,,,,,,,,Schweizermesser,,,,,,,,,Schweizermesser,,,,,,,,
Seitenschneider,Substantiv,,m,Seitenschneider,,,,,,,,,Seitenschneider,,,,,,,,,Seitenschneiders,,,,,,,,,Seitenschneider,,,,,,,,,Seitenschneider,,,,,,,,,Seitenschneidern,,,,,,,,,Seitenschneider,,,,,,,,,Seitenschneider,,,,,,,,
Sense,Substantiv,,f,Sense,,,,,,,,,Sensen,,,,,,,,,Sense,,,,,,,,,Sensen,,,,,,,,,Sense,,,,,,,,,Sensen,,,,,,,,,Sense,,,,,,,,,Sensen,,,,,,,,
Sichel,Substantiv,,f,Sichel,,,,,,,,,Sicheln,,,,,,,,,Sichel,,,,,,,,,Sicheln,,,,,,,,,Sichel,,,,,,,,,Sicheln,,,,,,,,,Sichel,,,,,,,,,Sicheln,,,,,,,,
Sicherheitsnadel,Substantiv,"Sicherheit,Nadel",f,Sicherheitsnadel,,,,,,,,,Sicherheitsnadeln,,,,,,,,,Sicherheitsnadel,,,,,,,,,Sicherheitsnadeln,,,,,,,,,Sicherheitsnadel,,,,,,,,,Sicherheitsnadeln,,,,,,,,,Sicherheitsnadel,,,,,,,,,Sicherheitsnadeln,,,,,,,,
Sieb,Substantiv,,n,Sieb,,,,,,,,,Siebe,,,,,,,,,Siebs,Siebes,,,,,,,,Siebe,,,,,,,,,Sieb,,,,,,,,,Sieben,,,,,,,,,Sieb,,,,,,,,,Siebe,,,,,,,,
Sortiermaschine,Substantiv,"sortieren,Maschine",f,Sortiermaschine,,,,,,,,,Sortiermaschinen,,,,,,,,,Sortiermaschine,,,,,,,,,Sortiermaschinen,,,,,,,,,Sortiermaschine,,,,,,,,,Sortiermaschinen,,,,,,,,,Sortiermaschine,,,,,,,,,Sortiermaschinen,,,,,,,,
Soßenlöffel,Substantiv,"Soße,Löffel",m,Soßenlöffel,,,,,,,,,Soßenlöffel,,,,,,,,,Soßenlöffels,,,,,,,,,Soßenlöffel,,,,,,,,,Soßenlöffel,,,,,,,,,Soßenlöffeln,,,,,,,,,Soßenlöffel,,,,,,,,,Soßenlöffel,,,,,,,,
Spaltaxt,Substantiv,"spalten,Axt",f,Spaltaxt,,,,,,,,,Spaltäxte,,,,,,,,,Spaltaxt,,,,,,,,,Spaltäxte,,,,,,,,,Spaltaxt,,,,,,,,,Spaltäxten,,,,,,,,,Spaltaxt,,,,,,,,,Spaltäxte,,,,,,,,
Spannsäge,Substantiv,"spannen,Säge",f,Spannsäge,,,,,,,,,Spannsägen,,,,,,,,,Spannsäge,,,,,,,,,Spannsägen,,,,,,,,,Spannsäge,,,,,,,,,Spannsägen,,,,,,,,,Spannsäge,,,,,,,,,Spannsägen,,,,,,,,
Spaten,Substantiv,,m,Spaten,,,,,,,,,Spaten,,,,,,,,,Spatens,,,,,,,,,Spaten,,,,,,,,,Spaten,,,,,,,,,Spaten,,,,,,,,,Spaten,,,,,,,,,Spaten,,,,,,,,
Spicknadel,Substantiv,"spicken,Nadel",f,Spicknadel,,,,,,,,,Spicknadeln,,,,,,,,,Spicknadel,,,,,,,,,Spicknadeln,,,,,,,,,Spicknadel,,,,,,,,,Spicknadeln,,,,,,,,,Spicknadel,,,,,,,,,Spicknadeln,,,,,,,,
Spitzhacke,Substantiv,"spitz,Hacke",f,Spitzhacke,,,,,,,,,Spitzhacken,,,,,,,,,Spitzhacke,,,,,,,,,Spitzhacken,,,,,,,,,Spitzhacke,,,,,,,,,Spitzhacken,,,,,,,,,Spitzhacke,,,,,,,,,Spitzhacken,,,,,,,,
Spätzlemaschine,Substantiv,"Spätzle,Maschine",f,Spätzlemaschine,,,,,,,,,Spätzlemaschinen,,,,,,,,,Spätzlemaschine,,,,,,,,,Spätzlemaschinen,,,,,,,,,Spätzlemaschine,,,,,,,,,Spätzlemaschinen,,,,,,,,,Spätzlemaschine,,,,,,,,,Spätzlemaschinen,,,,,,,,
Stahlnadel,Substantiv,"Stahl,Nadel",f,Stahlnadel,,,,,,,,,Stahlnadeln,,,,,,,,,Stahlnadel,,,,,,,,,Stahlnadeln,,,,,,,,,Stahlnadel,,,,,,,,,Stahlnadeln,,,,,,,,,Stahlnadel,,,,,,,,,Stahlnadeln,,,,,,,,
Steakmesser,Substantiv,"Steak,Messer",n,Steakmesser,,,,,,,,,Steakmesser,,,,,,,,,Steakmessers,,,,,,,,,Steakmesser,,,,,,,,,Steakmesser,,,,,,,,,Steakmessern,,,,,,,,,Steakmesser,,,,,,,,,Steakmesser,,,,,,,,
Stechbeitel,Substantiv,"stechen,Beitel",m,Stechbeitel,,,,,,,,,Stechbeitel,,,,,,,,,Stechbeitels,,,,,,,,,Stechbeitel,,,,,,,,,Stechbeitel,,,,,,,,,Stechbeiteln,,,,,,,,,Stechbeitel,,,,,,,,,Stechbeitel,,,,,,,,
Stechzirkel,Substantiv,"stechen,Zirkel",m,Stechzirkel,,,,,,,,,Stechzirkel,,,,,,,,,Stechzirkels,,,,,,,,,Stechzirkel,,,,,,,,,Stechzirkel,,,,,,,,,Stechzirkeln,,,,,,,,,Stechzirkel,,,,,,,,,Stechzirkel,,,,,,,,
Stecknadel,Substantiv,"stecken,Nadel",f,Stecknadel,,,,,,,,,Stecknadeln,,,,,,,,,Stecknadel,,,,,,,,,Stecknadeln,,,,,,,,,Stecknadel,,,,,,,,,Stecknadeln,,,,,,,,,Stecknadel,,,,,,,,,Stecknadeln,,,,,,,,
Steckschlüsselsatz,Substantiv,"Steckschlüssel,Satz",m,Steckschlüsselsatz,,,,,,,,,Steckschlüsselsätze,,,,,,,,,Steckschlüsselsatzes,,,,,,,,,Steckschlüsselsätze,,,,,,,,,Steckschlüsselsatz,,,,,,,,,Steckschlüsselsätzen,,,,,,,,,Steckschlüsselsatz,,,,,,,,,Steckschlüsselsätze,,,,,,,,
Steinsäge,Substantiv,"Stein,Säge",f,Steinsäge,,,,,,,,,Steinsägen,,,,,,,,,Steinsäge,,,,,,,,,Steinsägen,,,,,,,,,Steinsäge,,,,,,,,,Steinsägen,,,,,,,,,Steinsäge,,,,,,,,,Steinsägen,,,,,,,,
Stichsäge,Substantiv,"Stich,Säge",f,Stichsäge,,,,,,,,,Stichsägen,,,,,,,,,Stichsäge,,,,,,,,,Stichsägen,,,,,,,,,Stichsäge,,,,,,,,,Stichsägen,,,,,,,,,Stichsäge,,,,,,,,,Stichsägen,,,,,,,,
Stift,Substantiv,,m,Stift,,,,,,,,,Stifte,,,,,,,,,Stifts,Stiftes,,,,,,,,Stifte,,,,,,,,,Stift,Stifte,,,,,,,,Stiften,,,,,,,,,Stift,,,,,,,,,Stifte,,,,,,,,
Streitaxt,Substantiv,"Streit,Axt",f,Streitaxt,,,,,,,,,Streitäxte,,,,,,,,,Streitaxt,,,,,,,,,Streitäxte,,,,,,,,,Streitaxt,,,,,,,,,Streitäxten,,,,,,,,,Streitaxt,,,,,,,,,Streitäxte,,,,,,,,
Streugabel,Substantiv,"Streu,Gabel",f,Streugabel,,,,,,,,,Streugabeln,,,,,,,,,Streugabel,,,,,,,,,Streugabeln,,,,,,,,,Streugabel,,,,,,,,,Streugabeln,,,,,,,,,Streugabel,,,,,,,,,Streugabeln,,,,,,,,
Strickleiter,Substantiv,"Strick,Leiter",f,Strickleiter,,,,,,,,,Strickleitern,,,,,,,,,Strickleiter,,,,,,,,,Strickleitern,,,,,,,,,Strickleiter,,,,,,,,,Strickleitern,,,,,,,,,Strickleiter,,,,,,,,,Strickleitern,,,,,,,,
Strickmaschine,Substantiv,"stricken,Maschine",f,Strickmaschine,,,,,,,,,Strickmaschinen,,,,,,,,,Strickmaschine,,,,,,,,,Strickmaschinen,,,,,,,,,Strickmaschine,,,,,,,,,Strickmaschinen,,,,,,,,,Strickmaschine,,,,,,,,,Strickmaschinen,,,,,,,,
Stricknadel,Substantiv,"stricken,Nadel",f,Stricknadel,,,,,,,,,Stricknadeln,,,,,,,,,Stricknadel,,,,,,,,,Stricknadeln,,,,,,,,,Stricknadel,,,,,,,,,Stricknadeln,,,,,,,,,Stricknadel,,,,,,,,,Stricknadeln,,,,,,,,
Stromgenerator,Substantiv,"Strom,Generator",m,Stromgenerator,,,,,,,,,Stromgeneratoren,,,,,,,,,Stromgenerators,,,,,,,,,Stromgeneratoren,,,,,,,,,Stromgenerator,,,,,,,,,Stromgeneratoren,,,,,,,,,Stromgenerator,,,,,,,,,Stromgeneratoren,,,,,,,,
Suppenlöffel,Substantiv,"Suppe,Löffel",m,Suppenlöffel,,,,,,,,,Suppenlöffel,,,,,,,,,Suppenlöffels,,,,,,,,,Suppenlöffel,,,,,,,,,Suppenlöffel,,,,,,,,,Suppenlöffeln,,,,,,,,,Suppenlöffel,,,,,,,,,Suppenlöffel,,,,,,,,
Säge,Substantiv,,f,Säge,,,,,,,,,Sägen,,,,,,,,,Säge,,,,,,,,,Sägen,,,,,,,,,Säge,,,,,,,,,Sägen,,,,,,,,,Säge,,,,,,,,,Sägen,,,,,,,,
Sägebock,Substantiv,"Säge,Bock",m,Sägebock,,,,,,,,,Sägeböcke,,,,,,,,,Sägebockes,Sägebocks,,,,,,,,Sägeböcke,,,,,,,,,Sägebock,Sägebocke,,,,,,,,Sägeböcken,,,,,,,,,Sägebock,,,,,,,,,Sägeböcke,,,,,,,,
Tabelliermaschine,Substantiv,"tabellieren,Maschine",f,Tabelliermaschine,,,,,,,,,Tabelliermaschinen,,,,,,,,,Tabelliermaschine,,,,,,,,,Tabelliermaschinen,,,,,,,,,Tabelliermaschine,,,,,,,,,Tabelliermaschinen,,,,,,,,,Tabelliermaschine,,,,,,,,,Tabelliermaschinen,,,,,,,,
Taschenmesser,Substantiv,"Tasche,Messer",n,Taschenmesser,,,,,,,,,Taschenmesser,,,,,,,,,Taschenmessers,,,,,,,,,Taschenmesser,,,,,,,,,Taschenmesser,,,,,,,,,Taschenmessern,,,,,,,,,Taschenmesser,,,,,,,,,Taschenmesser,,,,,,,,
Taschenrechner,Substantiv,"Tasche,Rechner",m,Taschenrechner,,,,,,,,,Taschenrechner,,,,,,,,,Taschenrechners,,,,,,,,,Taschenrechner,,,,,,,,,Taschenrechner,,,,,,,,,Taschenrechnern,,,,,,,,,Taschenrechner,,,,,,,,,Taschenrechner,,,,,,,,
Teemaschine,Substantiv,"Tee,Maschine",f,Teemaschine,,,,,,,,,Teemaschinen,,,,,,,,,Teemaschine,,,,,,,,,Teemaschinen,,,,,,,,,Teemaschine,,,,,,,,,Teemaschinen,,,,,,,,,Teemaschine,,,,,,,,,Teemaschinen,,,,,,,,
Teesieb,Substantiv,"Tee,Sieb",n,Teesieb,,,,,,,,,Teesiebe,,,,,,,,,Teesiebs,,,,,,,,,Teesiebe,,,,,,,,,Teesieb,,,,,,,,,Teesieben,,,,,,,,,Teesieb,,,,,,,,,Teesiebe,,,,,,,,
Teigrechen,Substantiv,"Teig,Rechen",m,Teigrechen,,,,,,,,,Teigrechen,,,,,,,,,Teigrechens,,,,,,,,,Teigrechen,,,,,,,,,Teigrechen,,,,,,,,,Teigrechen,,,,,,,,,Teigrechen,,,,,,,,,Teigrechen,,,,,,,,
Teppichmesser,Substantiv,"Teppich,Messer",n,Teppichmesser,,,,,,,,,Teppichmesser,,,,,,,,,Teppichmessers,,,,,,,,,Teppichmesser,,,,,,,,,Teppichmesser,,,,,,,,,Teppichmessern,,,,,,,,,Teppichmesser,,,,,,,,,Teppichmesser,,,,,,,,
Tischmesser,Substantiv,"Tisch,Messer",n,Tischmesser,,,,,,,,,Tischmesser,,,,,,,,,Tischmessers,,,,,,,,,Tischmesser,,,,,,,,,Tischmesser,,,,,,,,,Tischmessern,,,,,,,,,Tischmesser,,,,,,,,,Tischmesser,,,,,,,,
Tischsäge,Substantiv,"Tisch,Säge",f,Tischsäge,,,,,,,,,Tischsägen,,,,,,,,,Tischsäge,,,,,,,,,Tischsägen,,,,,,,,,Tischsäge,,,,,,,,,Tischsägen,,,,,,,,,Tischsäge,,,,,,,,,Tischsägen,,,,,,,,
Toilettenbürste,Substantiv,"Toilette,Bürste",f,Toilettenbürste,,,,,,,,,Toilettenbürsten,,,,,,,,,Toilettenbürste,,,,,,,,,Toilettenbürsten,,,,,,,,,Toilettenbürste,,,,,,,,,Toilettenbürsten,,,,,,,,,Toilettenbürste,,,,,,,,,Toilettenbürsten,,,,,,,,
Trüffelreibe,Substantiv,"Trüffel,Reibe",f,Trüffelreibe,,,,,,,,,Trüffelreiben,,,,,,,,,Trüffelreibe,,,,,,,,,Trüffelreiben,,,,,,,,,Trüffelreibe,,,,,,,,,Trüffelreiben,,,,,,,,,Trüffelreibe,,,,,,,,,Trüffelreiben,,,,,,,,
Tätowiermaschine,Substantiv,"tätowieren,Maschine",f,Tätowiermaschine,,,,,,,,,Tätowiermaschinen,,,,,,,,,Tätowiermaschine,,,,,,,,,Tätowiermaschinen,,,,,,,,,Tätowiermaschine,,,,,,,,,Tätowiermaschinen,,,,,,,,,Tätowiermaschine,,,,,,,,,Tätowiermaschinen,,,,,,,,
Voltmeter,Substantiv,,n,Voltmeter,,,,,,,,,Voltmeter,,,,,,,,,Voltmeters,,,,,,,,,Voltmeter,,,,,,,,,Voltmeter,,,,,,,,,Voltmetern,,,,,,,,,Voltmeter,,,,,,,,,Voltmeter,,,,,,,,
Vorschlaghammer,Substantiv,,m,Vorschlaghammer,,,,,,,,,Vorschlaghämmer,,,,,,,,,Vorschlaghammers,,,,,,,,,Vorschlaghämmer,,,,,,,,,Vorschlaghammer,,,,,,,,,Vorschlaghämmern,,,,,,,,,Vorschlaghammer,,,,,,,,,Vorschlaghämmer,,,,,,,,
Wasserpumpenzange,Substantiv,"Wasserpumpe,Zange",f,Wasserpumpenzange,,,,,,,,,Wasserpumpenzangen,,,,,,,,,Wasserpumpenzange,,,,,,,,,Wasserpumpenzangen,,,,,,,,,Wasserpumpenzange,,,,,,,,,Wasserpumpenzangen,,,,,,,,,Wasserpumpenzange,,,,,,,,,Wasserpumpenzangen,,,,,,,,
Wasserwaage,Substantiv,"Wasser,Waage",f,Wasserwaage,,,,,,,,,Wasserwaagen,,,,,,,,,Wasserwaage,,,,,,,,,Wasserwaagen,,,,,,,,,Wasserwaage,,,,,,,,,Wasserwaagen,,,,,,,,,Wasserwaage,,,,,,,,,Wasserwaagen,,,,,,,,
Wiegemesser,Substantiv,"wiegen,Messer",n,Wiegemesser,,,,,,,,,Wiegemesser,,,,,,,,,Wiegemessers,,,,,,,,,Wiegemesser,,,,,,,,,Wiegemesser,,,,,,,,,Wiegemessern,,,,,,,,,Wiegemesser,,,,,,,,,Wiegemesser,,,,,,,,
Wimpernzange,Substantiv,"Wimper,Zange",f,Wimpernzange,,,,,,,,,Wimpernzangen,,,,,,,,,Wimpernzange,,,,,,,,,Wimpernzangen,,,,,,,,,Wimpernzange,,,,,,,,,Wimpernzangen,,,,,,,,,Wimpernzange,,,,,,,,,Wimpernzangen,,,,,,,,
Zahnbürste,Substantiv,"Zahn,Bürste",f,Zahnbürste,,,,,,,,,Zahnbürsten,,,,,,,,,Zahnbürste,,,,,,,,,Zahnbürsten,,,,,,,,,Zahnbürste,,,,,,,,,Zahnbürsten,,,,,,,,,Zahnbürste,,,,,,,,,Zahnbürsten,,,,,,,,
Zange,Substantiv,,f,Zange,,,,,,,,,Zangen,,,,,,,,,Zange,,,,,,,,,Zangen,,,,,,,,,Zange,,,,,,,,,Zangen,,,,,,,,,Zange,,,,,,,,,Zangen,,,,,,,,
Zeitmaschine,Substantiv,"Zeit,Maschine",f,Zeitmaschine,,,,,,,,,Zeitmaschinen,,,,,,,,,Zeitmaschine,,,,,,,,,Zeitmaschinen,,,,,,,,,Zeitmaschine,,,,,,,,,Zeitmaschinen,,,,,,,,,Zeitmaschine,,,,,,,,,Zeitmaschinen,,,,,,,,
Zimmermannshammer,Substantiv,,m,Zimmermannshammer,,,,,,,,,Zimmermannshämmer,,,,,,,,,Zimmermannshammers,,,,,,,,,Zimmermannshämmer,,,,,,,,,Zimmermannshammer,,,,,,,,,Zimmermannshämmern,,,,,,,,,Zimmermannshammer,,,,,,,,,Zimmermannshämmer,,,,,,,,
Zinnlöffel,Substantiv,"Zinn,Löffel",m,Zinnlöffel,,,,,,,,,Zinnlöffel,,,,,,,,,Zinnlöffels,,,,,,,,,Zinnlöffel,,,,,,,,,Zinnlöffel,,,,,,,,,Zinnlöffeln,,,,,,,,,Zinnlöffel,,,,,,,,,Zinnlöffel,,,,,,,,
Zirkel,Substantiv,,m,Zirkel,,,,,,,,,Zirkel,,,,,,,,,Zirkels,,,,,,,,,Zirkel,,,,,,,,,Zirkel,,,,,,,,,Zirkeln,,,,,,,,,Zirkel,,,,,,,,,Zirkel,,,,,,,,
Zollstock,Substantiv,,m,Zollstock,,,,,,,,,Zollstöcke,,,,,,,,,Zollstockes,Zollstocks,,,,,,,,Zollstöcke,,,,,,,,,Zollstock,Zollstocke,,,,,,,,Zollstöcken,,,,,,,,,Zollstock,,,,,,,,,Zollstöcke,,,,,,,,
Zufallsgenerator,Substantiv,"Zufall,Generator",m,Zufallsgenerator,,,,,,,,,Zufallsgeneratoren,,,,,,,,,Zufallsgenerators,,,,,,,,,Zufallsgeneratoren,,,,,,,,,Zufallsgenerator,,,,,,,,,Zufallsgeneratoren,,,,,,,,,Zufallsgenerator,,,,,,,,,Zufallsgeneratoren,,,,,,,,
Zungenspatel,Substantiv,"Zunge,Spatel",,,,Zungenspatel,Zungenspatel,,,,,,Zungenspatel,,,,,,,,,,,Zungenspatels,Zungenspatels,,,,,,Zungenspatel,,,,,,,,,,,Zungenspatel,Zungenspatel,,,,,,Zungenspateln,,,,,,,,,,,Zungenspatel,Zungenspatel,,,,,,Zungenspatel,,,,,,,,
Zylindersäge,Substantiv,"Zylinder,Säge",f,Zylindersäge,,,,,,,,,Zylindersägen,,,,,,,,,Zylindersäge,,,,,,,,,Zylindersägen,,,,,,,,,Zylindersäge,,,,,,,,,Zylindersägen,,,,,,,,,Zylindersäge,,,,,,,,,Zylindersägen,,,,,,,,